Master Template Version,v0.13
Data Dictionary Version,v1.52
Product Name,Galaxy VS
RootSystem,SubSystem,DataPath,Name,Description,Type,Format,MaxSize,Default,Min,Max,ChoiceList,ScaleUnit,Precision,IsAlarm,IsEvtLog,CmdTimeOut,Producer, , , , ,Consumer, , , , ,HashID
 , , , , , , , , , , ,BinaryBlockDefine, , , , , ,UC,SLC_UPS,SLC_NMC,HMI,Tuner,UC,SLC_UPS,SLC_NMC,HMI,Tuner,
UPSSystem, ,Command,UPSInverterOnCommand,Command to turn the inverter On,COMMAND,32BUS,1, , , , ,NA, ,No,Yes,1000,No,No,No,Yes,Yes,Yes,RO,No,No,No,0x49A34EB9
UPSSystem, ,Command,UPSInverterOffCommand,Command for turning inverter Off,COMMAND,32BUS,1, , , , ,NA, ,No,Yes,1000,No,No,No,Yes,Yes,Yes,RO,No,No,No,0x22DE6C0F
UPSSystem, ,Command,InverterToStaticBypassCommand,Command for transferring the output from inverter operation to Static Bypass operation,COMMAND,32BUS,1, , , , ,NA, ,No,Yes,1000,No,No,No,Yes,Yes,Yes,RO,No,No,No,0x61C3015B
Device, ,NMC[2]/network/Setting,IPv4NetworkModeSetting,The IPv4 mode settings,SETTING,32BUS,1,2,0, ,"{""Manual"" :[0,""Manual IP mode""],""BootP"" :[1,""BOOTP IP mode""], ""DHCP"" :[2, ""DHCP IP Mode""],""DHCP_BBOTP"" :[3, ""DHCP BOOTP Mode""],""IPv4Disabled"" :[4,""IPv4 Disabled""]}",NA, ,No,Yes,5000,No,No,Yes,No,No,No,No,No,Yes,Yes,0x3F415BD8
Device, ,NMC[2]/network/Setting,IPv4Setting,IPv4 settings for the NMC. This setting can only be used when netwk mode is set to manual,SETTING,BINARY_BLOC,1, , , ,"{""IPAddress"":""uint8_t"", ""SubNetMask"":""uint8_t"",""GateWay"":""uint8_t""}",NA, ,No,Yes,5000,No,No,Yes,No,No,No,No,No,Yes,Yes,0x500D01E3
Device, ,NMC[2]/network/General,IPv6Adresses,List of valid IPV6 Addresses,GENERAL,BINARY_BLOC,1, , , ,"{""IpAddr1"":[""char"", 32],""IpAddr2"":[""char"", 32],""IpAddr3"":[""char"", 32],""IpAddr4"":[""char"", 32],""IpAddr5"":[""char"", 32],""IpAddr6"":[""char"", 32],""IpAddr7"":[""char"", 32],""IpAddr8"":[""char"", 32],""IpAddr9"":[""char"", 32],""IpAddr10"":[""char"", 32]}",NA, ,No,No, ,No,No,Yes,No,No,No,No,No,Yes,Yes,0xE5852D7
Device, ,NMC[2]/network/Setting,IPv6NetowrkModeSetting,IPv6 setting for the NMC,SETTING,BINARY_BLOC,1, , , ,"{""IPv6Disabled"":""uint8_t"", ""IPv6AutoConfigDisabled"":""uint8_t"",  ""IPv6AutoConfigEnabled"":""uint8_t"",  ""DHCPv6Disabled"":""uint8_t"",  ""DHCPv6RouterControlled"":""uint8_t"",""DHCPv6InfoOnly"":""uint8_t"",""DHCPv6AddressAndInfo"":""uint8_t""}",NA, ,No,Yes,5000,No,No,Yes,No,No,No,No,No,Yes,Yes,0x1D34433A
Device, ,NMC[2]/network/Setting,IPv6Setting,Manual IPv6 bAdress for NMC,SETTING,BINARY_BLOC,1, , , ,"{""IPv6Address"":[""char"", 32],""IPv6Gateway"":[""char"", 32]}", , ,No,Yes,5000,No,No,Yes,No,No,No,No,No,Yes,Yes,0x3ED881F9
UPSSystem, ,Command,StaticBypassToInverterCommand,Command for transferring the output from Static Bypass operation to Inverter operation,COMMAND,32BUS,1, , , , ,NA, ,No,Yes,1000,No,No,No,Yes,Yes,Yes,RO,No,No,No,0x12282CA3
UPSSystem,BatterySystem,UserSuppliedBatterySystem/Measure,Temperature,This is the temperature in Degrees C.,MEASURE,32BFL,1,0,0,240.0, ,Celsius,1,No,No,0,No,Yes,No,No,No,No,No,Yes,Yes,Yes,0x5813C448
Device, ,NMC[2]/probe/Measure,Temperature,This is the temperature in Degrees C.,MEASURE,32BFL,1,0.0,0.0,255.0, ,Celsius,1,No,No, ,No,No,Yes,No,No,No,No,No,Yes,Yes,0x73AABC94
UPSSystem,BatterySystem,Test/Setting,TestDayOfWeekSetting,Day of week battery test should start,SETTING,32BUS,1,2,0,6,"{""MONDAY"" : [0, ""Test on Monday""],""TUESDAY"" : [1, ""Test on Tuesday""],""WEDNESDAY"" : [2, ""Test on Wednesday""], ""THURSDAY"" : [3,""Test on Thursday""],""FRIDAY"" : [4, ""Test on Friday""],""SATURDAY"" : [5, ""Test on Saturday""],""SUNDAY"": [6, ""Test on Sunday""]}",NA,0,No,Yes,0,No,Yes,No,No,No,No,No,Yes,Yes,Yes,0x6CD99B74
UPSSystem,BatterySystem,Test/Setting,TestIntervalSetting,Setting for automatic test,SETTING,32BUS,1,0,0,7,"{ ""NEVER"" : [0,""Never Autotest""],""EVERY_WEEK"" : [1, ""Autotest every week""],""EVERY_2WEEK"": [2, ""Autotest every 2 week""],""EVERY_4WEEK"": [3, ""Autotest every 4 week""],""EVERY_8WEEK"": [4, ""Autotest every 8 week""],""EVERY_12WEEK"": [5, ""Autotest every 12 week""],""EVERY_26WEEK"": [6, ""Autotest every 26 week""],""EVERY_52WEEK"": [7, ""Autotest every 52 week""]}",NA,0,No,Yes,0,No,Yes,No,No,No,No,No,Yes,Yes,Yes,0xAC4EEF4
UPSSystem,BatterySystem,Test/Setting,TestTimeOfDaySetting,Time of day battery test should start.  The min should be 0  the max should be 86399(24hours).,SETTING,32BUS,1,0,0,86399, ,Sec,0,No,Yes,0,No,Yes,No,No,No,Yes,No,Yes,Yes,Yes,0x2DA6E7EB
UPSSystem, ,Status,UPSStatus,The purpose of this register is to convey the mode of operation of the UPS at macro level.  It primarily indicates the power flow of the system  is it from mains  bypass  battery or not powerinfg the output.,STATUS,32BUS,1,3,0,3,"{""STATE_ONLINE"": [0, ""Indicates that the power for the output is being sourced from input, and delivery through the inverter"" ],""STATE_BATTERY"": [1,""Indicates that the power for the output is being sourced from the battery (or other energy storage) and delivered through the inverter""],""STATE_BYPASS"": [2, ""Indicates that the output is being powered by the input without being processed by the inverter"" ],""STATE_OFF"": [3,""Indicates that the output is not powered through the UPS (including any internal bypass paths.)"" ] }",NA, ,No,Yes, ,Yes,No,No,No,No,No,Yes,Yes,Yes,Yes,0x17637639
UPSSystem, ,Status,UPSStatusModifier,Additional information to get the correct UPS status,STATUS,32BUS,1,0,0,8,"{""NO_MODIFIER"": [0, ""No modifier""],""FAULT"": [1, ""Indicates that a fault of any severity (warning, or critical) is present in the system, which may influence the UPS Mode""],""TEST"": [2, ""Indicates that a test is in progress""],""COMMANDED"": [3, ""Indicates that operation mode is caused by a user request""],""MAINTENANCE"": [4, ""Indicates the wrap around bypass breaker is activated, and UPS is locked in bypass operation""],""HIGH_EFFICIENCY"":  [5,""Indicates that the UPS operates in high efficiency mode""],""FAULT_STATE"": [6, ""Modifier - indicates that the UPS is operating in a fault state.""],""STATIC_BYPASS_STANDBY "": [7, ""Modifier - The UPS has a fault and is ready to enter static bypass but awaits permission from the system. UPS output is off. Mode used for advanced battery operation management in parallel operation.""],""INVESTER_STANDBY"": [8, ""Modifier - The UPS has a Mains 1 fault and is ready to enter battery operation but awaits permission from the system. UPS output is off. Mode used for advanced battery operation management in parallel operation.""] }",NA, ,No,Yes, ,Yes,No,No,No,No,No,Yes,Yes,Yes,Yes,0x32D3EBF8
UPSSystem, ,Setting,VoltageACSetting,This is the configured AC voltage system setting. The setting applies for input as well  if no specific seeting is placed in InputSystem.  ,SETTING,32BUS,1,1, , ,"{""VAC220_380"":[0, ""Output Voltage 380VAC PhPh""],""VAC230_400"":[1,""Output Voltage 400VAC PhPh""],""VAC240_415"":[2,""Output Voltage 415VAC PhPh""], ""VAC277_480"":[3,""Output Voltage 480VAC PhPh""], ""VAC110_208"":[4,""Output Voltage 208VAC PhPh""]}",NA, ,No,Yes, ,Yes,No,No,No,No,No,Yes,RO,Yes,Yes,0x29D99CE5
UPSSystem, ,Setting,MainsConfigurationSetting,Setting for single or dual mains supply,SETTING,32BUS,1,0, , ,"{""SINGLE_INPUT"":[0,""Single mains system""],""DUAL_INPUT"":[1,""Dual mains system""]}",NA, ,No,Yes, ,No,Yes,No,No,No,No,No,RO,Yes,Yes,0x16219607
UPSSystem, ,Setting,MainsCurrentRampInTimeSetting,Ramp in timer for mains current limitation during transfer from Battery to online operation,SETTING,16BUS,1,10,1,40, ,Sec, ,No,Yes, ,Yes,No,No,No,No,No,Yes,RO,RO,Yes,0x3918E0F8
UPSSystem, ,Setting,TimeSetting,Number of seconds elapsed since January 1st 2000. Conversion from date and time must be corrected for leap years. In UTC leap seconds are also defined  but these are ignored here when converting. Typically this is the local time where the device is installed.,SETTING,32BUS,1,0,0,2147483648, ,Sec, ,No,Yes, ,Yes,No,No,No,No,No,Yes,Yes,Yes,Yes,0xD2E72BE
UPSSystem,BatterySystem,UserSuppliedBatterySystem/Setting,TotalBatteryCapacitySetting,This is used when the user installs external batteries in a system.  This is the total amount of Amp-hours.,SETTING,32BUS,1,0,0,4000, ,Ah,0,No,Yes,0,No,Yes,No,No,No,No,No,Yes,Yes,Yes,0x3C648053
Device, ,UC/ChargerSystem/Setting,UCChargeOperationEnable,The enable/disable of charging decided by SLC,SETTING,32BUS,1,1,0,1,"{""UniversalChoiceList"":""EnableDisableSetting"",""EnableDisableSetting"":{""DISABLE"": [0,""Function Disabled""],""ENABLE"":[1,""Function Enabled""]}}",NA,0,No,Yes, ,Yes,No,No,No,No,No,Yes,No,No,No,0x63EE480A
Device, ,UC/ChargerSystem/Setting,UCDynamicChargeCurrentLimit,The Chargecurrent limitation for the battery system  dictated by the SLC,SETTING,32BFL,1,0,0,165.00, ,A,2,No,Yes, ,Yes,No,No,No,No,No,Yes,No,No,No,0x6841961
Device, ,UC/ChargerSystem/Setting,UCDynamicChargeVoltage,The Chargevoltage dictatec by the SLC,SETTING,32BFL,1,480.0,0.0,630.0, ,V,1,No,Yes, ,Yes,No,No,No,No,No,Yes,No,No,No,0x6D690BBB
UPSSystem, ,Setting,ACWiringConfigurationSetting,Defines the AC wiring of the system  3 Wire  does not include neutral  where 4 wire is including neutral,SETTING,32BUS,1,1, , ,"{""THREE_WIRE"":[0, ""3 wire system configuration""],""FOUR_WIRE"":[1, ""4 wire system configuration""]}",NA, ,No,Yes, ,Yes,No,No,No,No,No,Yes,RO,Yes,Yes,0x21C757E3
UPSSystem, ,Setting,StartupSetting,Indicate if this is first startup at site  and system is not configured.,SETTING,32BUS,1,1, , ,"{""FIRST_STARTUP_DISABLE"": [0,""First Startup function disabled""], ""FIRST_STARTUP"": [1,""First start up, system not configured""]}",NA, ,No,Yes, ,No,Yes,No,No,No,No,No,RO,RO,Yes,0x5F64FEEC
UPSSystem,BatterySystem,General,StateOfCharge_Pct,This represents the % state of charge in the battery. (known as Battery Capacity in UPS-link).,GENERAL,8BUS,1,0,0,100, ,%,0,No,Yes,0,No,Yes,No,No,No,No,No,Yes,Yes,Yes,0x5D5EC62F
UPSSystem, ,Setting,EPOSetting,Settings for EPO (Emergency Power Off),SETTING,32BUS,1,1, , ,"{""BYPASS_ON_EPO_DISABLE"": [0,""Do not transfer to Bypass on EPO""],""BYPASS_ON_EPO_ENABLE"": [1,""Transfer to bypass on EPO""]}",NA, ,No,Yes, ,Yes,No,No,No,No,No,Yes,RO,RO,Yes,0x7CF51C85
UPSSystem, ,Setting,EnergyStorageType,Set the energy storage type used by the UPS,SETTING,32BUS,1,1, ,"{""BATTERY"":[ 1, ""Battery/Batteries""]}","{""NO_ENERGY_STORAGE"":[0,""No Energy Storage""],""BATTERY"":[ 1, ""Battery/Batteries""],""FLYWHEEL"":[2,""Flywheel""],""ULTRAPCAP"":[3,""Ultra Capacitors""]}",NA, ,No,Yes, ,No,Yes,No,No,No,No,No,RO,RO,Yes,0x664DE5D4
UPSSystem, ,Identity/General,FWVersion,The FW package versionnumber of the UPS system,GENERAL,STRING,16,0.0.0.0, , , ,NA, ,No,Yes, ,No,Yes,No,No,No,Yes,No,Yes,Yes,Yes,0x5054F2FC
UPSSystem, ,Identity/General,HWVersion,The HW version number of the UPS System,GENERAL,STRING,32,0.0, , , ,NA, ,No,Yes, ,No,Yes,No,No,No,Yes,No,Yes,Yes,Yes,0x2777E3E
UPSSystem, ,Identity/General,ModelNumber,The model number (SKU number),GENERAL,STRING,32,Galaxy VS, , , ,NA, ,No,Yes, ,No,Yes,No,No,No,Yes,No,Yes,Yes,Yes,0x5583F827
UPSSystem, ,Identity/General,SerialNumber,The UPS system serial number,GENERAL,STRING,16,0000, , , ,NA, ,No,Yes, ,No,Yes,No,No,No,Yes,No,Yes,Yes,Yes,0x393D4B7C
UPSSystem, ,Identity/Status,UnitPresentStatus,Status is unit is present ,STATUS,32BUS,1,1, , ,"{""UniversalChoiceList"":""PresentStatus"",""PresentStatus"":{ ""NOT_PRESENT"": [0, "" Not present""], ""PRESENT"": [1, ""Present""]}}",NA, ,No,Yes, ,No,Yes,No,No,No,Yes,No,Yes,Yes,Yes,0x635F8CC6
UPSSystem, ,Identity/Status,UnitAlarmStatus,Alarm status of the unit,STATUS,32BUS,1,0, , ,"{""UniversalChoiceList"":""AlarmSeverityStatus"",""AlarmSeverityStatus"":{""NoAlarms"": [0, ""No alarms present""],""InformationalAlarm"":[1,""Informational alarm present""],""WarningAlarm"":[2,""Warning alarm present""],""CriticalAlarm"":[3,""Critical alarm present""]}}",NA, ,No,Yes, ,No,Yes,No,No,No,Yes,No,Yes,Yes,Yes,0x3D757468
UPSSystem,OutputSystem,Phase/Measure,ApparentPower_kVA,Apparent power in Kilo Volt-Amps per phase,MEASURE,32BFL,3,0.0,0.0,100.0, ,kVA,1,No,No, ,Yes,No,No,No,No,No,No,Yes,Yes,Yes,0x6815136D
UPSSystem,OutputSystem,Measure,ApparentPower_kVA,Apparent power in Kilo Volt-Amps,MEASURE,32BFL,1,0.00,0.00,300.0, ,kVA,1,No,No, ,Yes,No,No,No,No,No,No,Yes,Yes,Yes,0x6739F30
UPSSystem,InputSystem,Phase/Measure,ApparentPower_kVA,Apparent power in Kilo Volt-Amps per phase,MEASURE,32BFL,3,0.0,0.0,100.0, ,kVA,1,No,No, ,Yes,No,No,No,No,No,No,Yes,Yes,Yes,0x2D393FBE
UPSSystem,InputSystem,Measure,ApparentPower_kVA,Apparent power in kilo Volt-Amps,MEASURE,32BFL,1,0.00,0.00,300.00, ,kVA,1,No,No, ,Yes,No,No,No,No,No,No,Yes,Yes,Yes,0x1CFA1F5B
UPSSystem,BypassSystem,Phase/Measure,ApparentPower_kVA,Apparent power in Kilo Volt-Amps per phase,MEASURE,32BFL,3,0.0,0.0,100.0, ,kVA,1,No,No, ,Yes,No,No,No,No,No,No,Yes,Yes,Yes,0x1793738E
UPSSystem,BypassSystem,Measure,ApparentPower_kVA,Apparent power in kilo Volt-Amps,MEASURE,32BFL,1,0.00,0.00,300.00, ,kVA,1,No,No, ,Yes,No,No,No,No,No,No,Yes,Yes,Yes,0x8EAC84B
UPSSystem,OutputSystem,Measure,ApparentPower_Pct,Measured apparent power as a percent of full available rating.  ,MEASURE,32BFL,1,0.00,0.00,200.00, ,%,2,No,No, ,Yes,No,No,No,No,No,No,Yes,Yes,Yes,0x66C9417
UPSSystem,OutputSystem,Phase/Measure,CurrentAC,Measured AC RMS Current  Per Phase,MEASURE,32BFL,3,0.00,0.00,300.000, ,A,3,No,No, ,Yes,No,No,No,No,No,No,Yes,Yes,Yes,0x3F3AB3E1
UPSSystem,InputSystem,Phase/Measure,CurrentAC,Measured AC RMS Current  Per Phase,MEASURE,32BFL,3,0.000,0.000,300.000, ,A,3,No,No, ,Yes,No,No,No,No,No,No,Yes,Yes,Yes,0x1B80BC92
UPSSystem,BypassSystem,Phase/Measure,CurrentAC,Measured AC RMS Current  Per Phase,MEASURE,32BFL,3,0.000,0.000,300.000, ,A,3,No,No, ,Yes,No,No,No,No,No,No,Yes,Yes,Yes,0x230CBE62
UPSSystem,OutputSystem,Phase/Measure,CurrentCrestFactor,Crest factor per phase,MEASURE,32BFL,3,0.00,0.0,3.0, ,NA,1,No,No, ,Yes,No,No,No,No,No,No,Yes,Yes,Yes,0x43B08BB3
UPSSystem,BatterySystem,Measure,CurrentDC,DC current .,MEASURE,32BFL,1,0,-300,300.0, ,A,1,No,No,0,Yes,No,No,No,No,No,Yes,Yes,Yes,Yes,0x3AC72083
UPSSystem,OutputSystem,Phase/Measure,CurrentPeak,Peak current per phase,MEASURE,32BFL,3,0.00,0.00,420.0, ,A,1,No,No, ,Yes,No,No,No,No,No,No,Yes,Yes,Yes,0x182FDB3E
UPSSystem,OutputSystem,Setting,VoltageCompensationSetting_Pct,Voltage Compensation. Increase voltage to compensate for different cable lenghts,SETTING,32BFL,1,0.00,0.00,3, ,%,1,No,Yes, ,Yes,No,No,No,No,No,Yes,RO,RO,Yes,0x1E14FFC3
UPSSystem,BatterySystem,Measure,VoltageDC,This is the measured DC voltage.,MEASURE,32BFL,1,0,0,1023, ,V,1,No,No,0,Yes,No,No,No,No,No,Yes,Yes,Yes,Yes,0x3E5AD4FC
UPSSystem,BatterySystem,UserSuppliedBatterySystem/ChargerSystem/FloatMode/Setting,VoltageDCPerCellSetting,Float DC voltage per battery cell setting.,SETTING,32BFL,1,2.27,2.23,2.30, ,NA,2,No,Yes,0,No,Yes,No,No,No,No,No,Yes,Yes,Yes,0x379E6536
UPSSystem,BatterySystem,UserSuppliedBatterySystem/ChargerSystem/BoostMode/Setting,VoltageDCPerCellSetting,Boost DC voltage per battery cell setting.,SETTING,32BFL,1,2.38,2.23,2.40, ,NA,2,No,Yes,0,No,Yes,No,No,No,No,No,Yes,Yes,Yes,0x25FFD491
UPSSystem,BatterySystem,UserSuppliedBatterySystem/ChargerSystem/EqualizationMode/Setting,VoltageDCPerCellSetting,Equalization DC voltage per battery cell setting.,SETTING,32BFL,1,2.45,2.23,2.50, ,NA,2,No,Yes,0,No,Yes,No,No,No,No,No,Yes,Yes,Yes,0x60A36B6C
UPSSystem,BatterySystem,UserSuppliedBatterySystem/Cutoff/Setting,VoltageDCPerCellSetting,Shut down DC voltage per battery cell setting.,SETTING,32BFL,1,1.59,1.59,1.75, ,NA,2,No,Yes,0,No,Yes,No,No,No,No,No,Yes,Yes,Yes,0x411BEE51
UPSSystem,InputSystem,Phase/Measure,CurrentPeak,Peak current per phase,MEASURE,32BFL,3,0.00,0.00,420.0, ,A,1,No,No, ,Yes,No,No,No,No,No,No,Yes,Yes,Yes,0x2AEC7C77
UPSSystem,OutputSystem,Setting,AcceptableFrequencySetting,This is the output frequency setting including the tolerance.  This drives whether the output is in synch with the input. ,SETTING,32BUS,1,0,0, ,"{ ""Hz50_1_0"" : [0, ""Frequency of 50 Hz +/- 1.0 Hz.""], ""Hz50_3_0"": [1, ""Frequency of 50 Hz +/- 3.0 Hz.""], ""Hz60_1_0"": [2, ""Frequency of 60 Hz +/- 1.0 Hz.""], ""Hz60_3_0"": [3, ""Frequency of 60 Hz +/- 3.0 Hz.""],""Hz50_10_0"" : [4, ""Frequency of 50 Hz +/- 10.0 Hz.""],""Hz60_10_0"": [5, ""Frequency of 60 Hz +/- 10.0 Hz.""]}",NA, ,No,Yes, ,Yes,No,No,No,No,No,Yes,RO,Yes,Yes,0x2F3DAE4B
UPSSystem,OutputSystem,Setting,ApparentPowerRatingSetting_kVA,Apparent power in KVA,SETTING,16BUS,1,50,10,100, ,kW, ,No,Yes, ,Yes,No,No,No,No,No,Yes,RO,RO,Yes,0x3252B46B
UPSSystem,OutputSystem,Setting,FrequencySlewRateSetting,Slew rate of the inverter,SETTING,32BUS,1,2, , ,"{""Hz_s_0_25"": [0, ""Slewrate is 0.25 Hz/s""], ""Hz_s_0_5"" : [1, ""Slewrate is 0.50 Hz/s""], ""Hz_s_1_0"": [2, ""Slewrate is 1 Hz/s""], ""Hz_s_2_0"": [3, ""Slewrate is 2 Hz/s""],"" Hz_s_4_0"": [4, ""Slewrate is 4 Hz/s""], ""Hz_s_5_0"": [5, ""Slewrate is 5 Hz/s""]}",NA, ,No,Yes, ,Yes,No,No,No,No,No,Yes,RO,RO,Yes,0x61D84996
UPSSystem,OutputSystem,Setting,UpperAcceptableVoltageSetting_Pct,Upper acceptable votlage as percent of nominal votlage,SETTING,16BUS,1,10,3,10, ,%, ,No,Yes, ,Yes,No,No,No,No,No,Yes,RO,RO,Yes,0x459CC67F
UPSSystem,OutputSystem,Setting,LowerAcceptableVoltageSetting_Pct,This is the lowest acceptable limit of voltage as percent of nominal voltage,SETTING,16BUS,1,10,3,10, ,%, ,No,Yes, ,Yes,No,No,No,No,No,Yes,RO,RO,Yes,0x7BC8DE5A
UPSSystem,OutputSystem,Setting,MinimumReturnCountdownSetting,Delay time before autostart of the inverter after mains returns after an outtage,SETTING,32BUS,1,0, , ,"{ ""AUTOSTART_DISABLED"" : [0, ""Autostart countdown is disabled""],  ""AUTOSTART_NO_COUNTDOWN"": [1,""Autostart without delay""] ,""AUTOSTART_30SEC"": [2, ""Autostart after 30 seconds""] ,""AUTOSTART_1MIN"": [3, ""Autostart after 1 minute""],"" AUTOSTART_2MIN"": [4, ""Autostart after 2 minutes""] ,""AUTOSTART_5MIN"": [5, ""Autostart after 5 minutes""], ""AUTOSTART_10MIN"": [6, ""Autostart after 10 minutes""] ,""AUTOSTART_30MIN"": [7, ""Autostart after 30 minutes""] ,""AUTOSTART_60MIN"": [8, ""Autostart after 60 minutes""] ,""AUTOSTART_120MIN"": [9, ""Autostart after 120 minutes""]}",NA, ,No,Yes, ,Yes,No,No,No,No,No,Yes,RO,Yes,Yes,0x553818C
Device, ,NMC[2]/modbus/Setting,ModbusSetting,Settings form modbus,SETTING,BINARY_BLOC,1, , , ,"{""InterfaceEnabled"":""uint8_t"",""BaudRateSetting"":""uint8_t"",""PortSetting"":""uint8_t"",""AddressSetting"":""uint32_t""}",NA, ,No,Yes,1000,No,No,Yes,No,No,No,No,No,Yes,Yes,0x50281256
UPSSystem,BypassSystem,Phase/Measure,CurrentPeak,Peak current per phase,MEASURE,32BFL,3,0.00,0.00,420.0, ,A,1,No,No, ,Yes,No,No,No,No,No,No,Yes,Yes,Yes,0x1351FCC7
UPSSystem,OutputSystem,Phase/Measure,CurrentTHD_Pct,Current THD in percent per phase,MEASURE,32BFL,3,0.00,0.0,100.0, ,%,1,No,No, ,Yes,No,No,No,No,No,No,Yes,Yes,Yes,0x7E612363
UPSSystem,OutputSystem,Setting,OutputTransformerConfigSetting,Transformer settings,SETTING,32BUS,1,0,0,1,"{""UniversalChoiceList"":""PresentStatus"",""PresentStatus"":{ ""NOT_PRESENT"": [0, "" Not present""], ""PRESENT"": [1, ""Present""]}}",NA, ,No,Yes, ,Yes,No,No,No,No,No,Yes,RO,Yes,Yes,0x14C3843B
UPSSystem,OutputSystem,Status,OutputWaveformStatus,Output waveform status,STATUS,32BUS,3, , ,1,"{""UniversalChoiceList"":""VQDStatus"",""VQDStatus"":{""VQD_OK"":[0,""VQD is OK""],""VQD_OutOfTolerance"":[1,""VQD Out Of Tolerance""]}}",NA, ,Yes,Yes, ,Yes,No,No,No,No,No,Yes,No,No,No,0x59AD82D
UPSSystem,OutputSystem,Setting,OutputFuseSetting,Configuration of output fuses,SETTING,32BUS,1,0,0,1,"{""UniversalChoiceList"":""PresentStatus"",""PresentStatus"":{ ""NOT_PRESENT"": [0, "" Not present""], ""PRESENT"": [1, ""Present""]}}",NA, ,No,Yes, ,Yes,No,No,No,No,No,Yes,RO,RO,Yes,0x1BA23B19
UPSSystem,OutputSystem,Statistics/Measure,Energy_kWh,Watt hour counter in kWh,MEASURE,32BFL,1,0.0,0.0,268435455.9, ,kWh,1,No,No, ,Yes,No,No,No,No,No,No,Yes,Yes,Yes,0x28D97D95
UPSSystem,InputSystem,Statistics/Measure,Energy_kWh,Watt hour counter in kWh,MEASURE,32BFL,1,0.0,0.0,268435455.9, ,kWh,1,No,No, ,Yes,No,No,No,No,No,No,Yes,Yes,Yes,0x468C069E
UPSSystem,OutputSystem,Measure,Frequency,Measured AC frequency.,MEASURE,32BFL,1,0.00,0.00,80.0, ,Hz,1,No,No, ,Yes,No,No,No,No,No,No,Yes,Yes,Yes,0x7F2B4811
UPSSystem,InputSystem,Measure,Frequency,Measured AC frequency.,MEASURE,32BFL,1,0.0,0.0,80.0, ,Hz,1,No,No, ,Yes,No,No,No,No,No,No,Yes,Yes,Yes,0x20D8225C
UPSSystem,BypassSystem,Measure,Frequency,This is the measured AC frequency.,MEASURE,32BFL,1,0.0,0.0,80.0, ,Hz,1,No,No, ,Yes,No,No,No,No,No,No,Yes,Yes,Yes,0x7158454C
UPSSystem,OutputSystem,Neutral/Measure,NeutralCurrentAC,Measured AC RMS Current in the neutral,MEASURE,32BFL,1,0.0,0.0,300.0, ,A,1,No,No, ,Yes,No,No,No,No,No,No,Yes,Yes,Yes,0x6BBC7EA2
UPSSystem,OutputSystem,Phase/Measure,PowerFactor,Power factor per phase,MEASURE,32BFL,3,0.00,0.00,1.00, ,NA,2,No,No, ,Yes,No,No,No,No,No,No,Yes,Yes,Yes,0x5C90975A
UPSSystem,InputSystem,Phase/Measure,PowerFactor,Power factor per phase,MEASURE,32BFL,3,0.00,0.00,1.00, ,NA,2,No,No, ,Yes,No,No,No,No,No,No,Yes,Yes,Yes,0x6F4D3893
UPSSystem,BypassSystem,Phase/Measure,PowerFactor,Power factor per phase,MEASURE,32BFL,3,0.00,0.00,1.00, ,NA,2,No,No, ,Yes,No,No,No,No,No,No,Yes,Yes,Yes,0x57B2B8E3
UPSSystem,OutputSystem,Phase/Measure,RealPower_kW,Real power in KW per phase,MEASURE,32BFL,3,0.00,0.00,100.0, ,kW,1,No,No, ,Yes,No,No,No,No,No,No,Yes,Yes,Yes,0x67905C1A
UPSSystem,OutputSystem,Measure,RealPower_kW,Sum of three phase real power in kilo Watts ,MEASURE,32BFL,1,0.00,0.00,300.00, ,KW,2,No,No, ,Yes,No,No,No,No,No,No,Yes,Yes,Yes,0x493EA68B
UPSSystem,InputSystem,Setting,InputTransformerConfigSetting,Transformer settings,SETTING,32BUS,1,0,0,1,"{""UniversalChoiceList"":""PresentStatus"",""PresentStatus"":{ ""NOT_PRESENT"": [0, "" Not present""], ""PRESENT"": [1, ""Present""]}}",NA,0,No,Yes, ,Yes,No,No,No,No,No,Yes,RO,Yes,Yes,0x17411805
UPSSystem,InputSystem,Setting,InputFuseSetting,Configuration of fuses,SETTING,32BUS,1,0,0,1,"{""UniversalChoiceList"":""PresentStatus"",""PresentStatus"":{ ""NOT_PRESENT"": [0, "" Not present""], ""PRESENT"": [1, ""Present""]}}",NA, ,No,Yes, ,Yes,No,No,No,No,No,Yes,RO,RO,Yes,0x1F19B2E7
UPSSystem,InputSystem,Phase/Measure,RealPower_kW,Real power in KW per phase,MEASURE,32BFL,3,0.00,0.00,100.0, ,kW,1,No,No, ,Yes,No,No,No,No,No,No,Yes,Yes,Yes,0x7E16DC45
UPSSystem,InputSystem,Measure,RealPower_kW,Real power in kilo Watts ,MEASURE,32BFL,1,0.00,0.00,300.00, ,kVA,2,No,No, ,Yes,No,No,No,No,No,No,Yes,Yes,Yes,0x288560F4
UPSSystem,BypassSystem,Phase/Measure,RealPower_kW,Real power in KW per phase,MEASURE,32BFL,3,0.00,0.00,100.0, ,kW,1,No,No, ,Yes,No,No,No,No,No,No,Yes,Yes,Yes,0x6A078535
UPSSystem,BypassSystem,Measure,RealPower_kW,Real power in kilo Watts ,MEASURE,32BFL,1,0.00,0.00,300.00, ,kVA,2,No,No, ,Yes,No,No,No,No,No,No,Yes,Yes,Yes,0x147CB844
UPSSystem,BatterySystem,UserSuppliedBatterySystem/Measure,RealPower_kW,Real DC power in KW,MEASURE,32BFL,1,0.0,-2400,2400, ,kW,1,No,No,0,Yes,No,No,No,No,No,Yes,Yes,Yes,Yes,0x2E6BF858
UPSSystem,BatterySystem,RunTimeCalculation/Measure,RechargeTimeRemaining,Estimated time for recharging the battery,MEASURE,32BFL,1,0,0,4294967295, ,Sec,0,No,No, ,No,Yes,No,No,No,Yes,No,Yes,Yes,Yes,0x790FC8D6
Device, ,NMC[2]/probe/Measure,RelativeHumidity_Pct,The relative humidity measured in Percentage.,MEASURE,32BFL,1,0.0,0.0,100.0, ,%,1,No,No, ,No,No,Yes,No,No,No,No,No,Yes,Yes,0x6496AB49
UPSSystem,BatterySystem,Test/Command,ReplaceBatteryTestCommand,Begin a battery test to determine if the replace battery signal should be asserted / deasserted.  It also proves that the battery can support the load for at least a short time.,COMMAND,32BUS,1, , , , ,NA,0,No,Yes,1000,No,No,No,Yes,Yes,No,Yes,No,No,No,0x56754CC0
UPSSystem,BatterySystem,Command,ResetBatteryAlarmCommand,Reset command for battery Alarms,COMMAND,32BUS,1, , , , ,NA, ,No,Yes,1000,No,No,No,Yes,Yes,No,Yes,No,No,No,0x5A37C476
UPSSystem,SwitchgearSystem,Setting,RIMBSetting,Redundant Internal Maintenance Bypass Breaker Setting,SETTING,32BUS,1, ,0,1,"{""UniversalChoiceList"":""PresentStatus"",""PresentStatus"":{ ""NOT_PRESENT"": [0, "" Not present""], ""PRESENT"": [1, ""Present""]}}",NA,0,No,Yes, ,No,Yes,No,No,No,No,No,Yes,Yes,Yes,0x7918DAAD
UPSSystem,OutputSystem,Phase/Measure,VoltageAC,Measured AC RMS voltage. Per Phase,MEASURE,32BFL,3,0.00,0.00,600.0, ,V,1,No,No, ,Yes,No,No,No,No,No,No,Yes,Yes,Yes,0x42CE685A
UPSSystem,InputSystem,Phase/Measure,VoltageAC,Measured AC RMS voltage. Per Phase,MEASURE,32BFL,3,0.00,0.00,600.0, ,V,1,No,No, ,Yes,No,No,No,No,No,No,Yes,Yes,Yes,0x1F14710B
UPSSystem,BypassSystem,Phase/Measure,VoltageAC,Measured AC RMS voltage. Per Phase,MEASURE,32BFL,3,0.00,0.00,600.0, ,V,1,No,No, ,Yes,No,No,No,No,No,No,Yes,Yes,Yes,0x26A072DB
UPSSystem,OutputSystem,Phase/Measure,VoltageACphph,Phase-phase  RMS (L1-L2  L2-L3  L3-L1),MEASURE,32BFL,3,0.0,0.0,600.00, ,V,2,No,No, ,Yes,No,No,No,No,No,No,Yes,Yes,Yes,0x642E69AA
UPSSystem,InputSystem,Phase/Measure,VoltageACphph,Phase-phase  RMS (L1-L2  L2-L3  L3-L1),MEASURE,32BFL,3,0.0,0.0,600.00, ,V,2,No,No, ,Yes,No,No,No,No,No,No,Yes,Yes,Yes,0x6B01FFAB
UPSSystem,BypassSystem,Phase/Measure,VoltageACphph,Phase-phase  RMS (L1-L2  L2-L3  L3-L1),MEASURE,32BFL,3,0.00,0.00,600.00, ,V,2,No,No, ,Yes,No,No,No,No,No,No,Yes,Yes,Yes,0x2728727B
UPSSystem,BypassSystem,Setting,OutOfSyncBypassTransferDelaySetting,Maximum output voltage gap in ms when transfering asynchronious to bypass.,SETTING,16BUS,1,10,0,1000, ,ms,0,No,Yes, ,Yes,No,No,No,No,No,Yes,RO,RO,Yes,0x7153AD72
UPSSystem,BypassSystem,Setting,BypassEnableSetting,Enabled or disabled the posibility to use the Bypass Static Switch,SETTING,32BUS,1,1, , ,"{""UniversalChoiceList"":""EnableDisableSetting"",""EnableDisableSetting"":{""DISABLE"": [0,""Function Disabled""],""ENABLE"":[1,""Function Enabled""]}}",NA, ,No,Yes, ,Yes,No,No,No,No,No,Yes,RO,RO,Yes,0x27067BA7
UPSSystem,BatterySystem,UserSuppliedBatterySystem/ChargerSystem/Setting,ChargerCapacitySetting_Pct,The charging capacity based on system kW rating,SETTING,32BUS,1,20,1,40, ,%,0,Yes,Yes,0,No,Yes,No,No,No,No,No,Yes,Yes,Yes,0x6065EF0B
UPSSystem,BatterySystem,UserSuppliedBatterySystem/ChargerSystem/Command,ChargerCommand,Command field for controlling the charger  This is used to set the charging mode that the unit should use.,COMMAND,32BUS,1, , , , ,NA,0,No,Yes,1000,No,Yes,No,No,No,Yes,No,No,No,No,0x7B922489
UPSSystem,BatterySystem,UserSuppliedBatterySystem/ChargerSystem/Status,ChargerStatus,Status for chargermode,STATUS,32BUS,1,3,0,5,"{""FLOAT_CHARGING"" : [0,""Float Charging""],""BOOST_CHARGING"" : [1,""Boost Charging""],""RESTING"" : [2, ""Charger is off by algorithm determination""],""NOT_CHARGING"" : [3,""Charger is off because UPS state does not allow charging or charger fault. Examples: BatteryDisconnect, OnBattery, Runtime Calibration, ChargerFault.""],""EQUALIZATION_CHARGING"" : [4,""Equalization charging(formely EqualizationCharge)""],""TEST_IN_PROGRESS"" : [5, ""Test in progress""]}",NA,0,No,Yes,0,No,Yes,No,No,No,Yes,No,Yes,Yes,Yes,0x4F0B6E67
Device, ,UC/Status,CommonicationStatus,The current communication status between UC and SLC_UPS,STATUS,32BUS,1,0, , ,"{""UniversalChoiceList"":""CommunicationStatus"",""CommunicationStatus"":{""Disconnected"":[0,""Device node is disconnected""],""Connected"":[1,""Device node is connected""],""Authenticated"":[2,""Device node is authenticated""],""AuthenticationFailed"":[3,""Device node is not authenticated""]}  }",NA, ,Yes,Yes, ,No,Yes,No,No,No,Yes,No,Yes,Yes,Yes,0x62E89354
Device, ,HMI/Status,CommonicationStatus,The current communication status between HMI and SLC_UPS,STATUS,32BUS,1,0, , ,"{""UniversalChoiceList"":""CommunicationStatus"",""CommunicationStatus"":{""Disconnected"":[0,""Device node is disconnected""],""Connected"":[1,""Device node is connected""],""Authenticated"":[2,""Device node is authenticated""],""AuthenticationFailed"":[3,""Device node is not authenticated""]}  }",NA, ,Yes,Yes, ,No,Yes,No,No,No,No,No,Yes,Yes,Yes,0x37CFE282
Device, ,NMC[2]/Status,CommonicationStatus,The current communication status between NMC and SLC_UPS,STATUS,32BUS,1,0, , ,"{""UniversalChoiceList"":""CommunicationStatus"",""CommunicationStatus"":{""Disconnected"":[0,""Device node is disconnected""],""Connected"":[1,""Device node is connected""],""Authenticated"":[2,""Device node is authenticated""],""AuthenticationFailed"":[3,""Device node is not authenticated""]}  }",NA, ,Yes,Yes, ,No,Yes,No,No,No,No,No,Yes,Yes,Yes,0x496C2F12
UPSSystem,BypassSystem,Setting,UpperAcceptableVoltageSetting_Pct,Upper acceptable votlage as percent of nominal votlage,SETTING,32BUS,1,10,3,10, ,%, ,No,Yes, ,Yes,No,No,No,No,No,Yes,RO,RO,Yes,0x1D102B5A
UPSSystem,BatterySystem,UserSuppliedBatterySystem/Setting,UpperTemperatureAlarmSetting,Setting for maximum allowed temperature,SETTING,32BFL,1,35,0,40.0, ,Celsius,1,No,Yes, ,No,Yes,No,No,No,No,No,Yes,Yes,Yes,0x302DF1BF
UPSSystem,BypassSystem,Setting,LowerAcceptableVoltageSetting_Pct,This is the lowest acceptable limit of voltage as percent of nominal voltage,SETTING,32BUS,1,10,3,10, ,%, ,No,Yes, ,Yes,No,No,No,No,No,Yes,RO,RO,Yes,0x533C4335
UPSSystem,BatterySystem,UserSuppliedBatterySystem/Setting,LowerTemperatureAlarmSetting,Setting for minimum allowed temperature,SETTING,32BFL,1,10.0,0,40.0, ,Celsius,1,No,Yes, ,No,Yes,No,No,No,Yes,No,Yes,Yes,Yes,0x408129B8
UPSSystem,BatterySystem,RunTimeCalculation/Setting,LowRuntimeWarningSetting,Seconds of run time remaining when low run time (UPS-Link's low battery) will be signaled on the local UI.  Under certain conditions  e.g.  on battery  when the run time is less than or equal to this value  the SimpleSignaling Status_BF.ShutdownImminent bit will be set.  The local UI should indicate this condition in the same manner as any shutdown pending.  Default should be Smart-UPS 3G/4G's default low battery warning of 150 seconds (2-3 min).  This value should always be greater than the SimpleTurnOffCountdownSetting when simple signalling is being used. A value of 0 indicates disabled.,SETTING,32BUS,1,240,60,6000, ,Sec,0,No,Yes,0,No,Yes,No,No,No,Yes,No,Yes,Yes,Yes,0x6A45B3AE
Device, ,UC/Identity/Command,IdentityRequestCommand,UC1/UC2IdentityRequestCommand,COMMAND,32BUS,1, , , , ,NA, ,No,Yes,1000,No,Yes,No,No,No,Yes,No,No,No,No,0x564927E3
Device, ,UC/Identity/General,FWVersion,The UC FW versionnumber,GENERAL,STRING,16,0.0.0.0, , , ,NA, ,No,Yes, ,Yes,No,No,No,No,No,Yes,Yes,Yes,Yes,0x25D4B63D
Device, ,UC/Identity/General,HWVersion,The UC HW version number,GENERAL,STRING,32,0.0.0, , , ,NA, ,No,Yes, ,Yes,No,No,No,No,No,Yes,Yes,Yes,Yes,0x57F7417F
Device, ,UC/Identity/General,ModelNumber,The model number (SKU number) of the UC,GENERAL,STRING,32,Alpha UC, , , ,NA, ,No,Yes, ,Yes,No,No,No,No,No,Yes,Yes,Yes,Yes,0x471BD870
Device, ,UC/Identity/General,SerialNumber,The Unit Controller serial number,GENERAL,STRING,16,0000, , , ,NA, ,No,Yes, ,Yes,No,No,No,No,No,Yes,Yes,Yes,Yes,0x59F510D7
Device, ,UC/Identity/General,DDVersion,The Data dictionary Version compatible with the UPS,GENERAL,STRING,16,0.0.0.0, , , ,NA, ,No,Yes, ,Yes,No,No,No,No,No,Yes,Yes,Yes,Yes,0x1724EA2A
Device, ,UC/Identity/General,LogAlarmVersion,The Log Alarm version compatible with UPS,GENERAL,STRING,16,0.0.0.0, , , ,NA, ,No,Yes, ,Yes,No,No,No,No,No,Yes,Yes,Yes,Yes,0x11387F55
Device, ,UC/Identity/General,Heartbeat,Heartbeat detection datagram - Not relevant in UPS system,GENERAL,32BUS,1,0,0, , ,NA, ,No,No, ,Yes,No,No,No,No,No,Yes,No,No,No,0x9BF7B52
Device, ,UC/Identity/Status,UnitPresentStatus,Status is unit controller is present ,STATUS,32BUS,1,1, , ,"{""UniversalChoiceList"":""PresentStatus"",""PresentStatus"":{ ""NOT_PRESENT"": [0, "" Not present""], ""PRESENT"": [1, ""Present""]}}",NA, ,No,Yes, ,Yes,No,No,No,No,No,Yes,Yes,Yes,Yes,0x21F2B091
Device, ,UC/Identity/Status,UnitAlarmStatus,Alarm status of the unit controller,STATUS,32BUS,1,0, , ,"{""UniversalChoiceList"":""AlarmSeverityStatus"",""AlarmSeverityStatus"":{""NoAlarms"": [0, ""No alarms present""],""InformationalAlarm"":[1,""Informational alarm present""],""WarningAlarm"":[2,""Warning alarm present""],""CriticalAlarm"":[3,""Critical alarm present""]}}",NA, ,No,Yes, ,Yes,No,No,No,No,No,Yes,Yes,Yes,Yes,0x7C92359B
Device, ,PM[2]/Identity/General,FWVersion,The Power Module FW versionnumber,GENERAL,STRING,16,0.0.0.0, , , ,NA, ,No,Yes, ,Yes,No,No,No,No,No,Yes,Yes,Yes,Yes,0x470A5358
Device, ,PM[2]/Identity/General,HWVersion,The Power Module HW version number,GENERAL,STRING,32,0.0.0, , , ,NA, ,No,Yes, ,Yes,No,No,No,No,No,Yes,Yes,Yes,Yes,0x792CDE9A
Device, ,PM[2]/Identity/General,ModelNumber,The model number (SKU number) of the Power Module,GENERAL,STRING,32,PM50KW, , , ,NA, ,No,Yes, ,Yes,No,No,No,No,No,Yes,Yes,Yes,Yes,0x7A1C6F63
Device, ,PM[2]/Identity/General,SerialNumber,The power Module serial number,GENERAL,STRING,16,0000, , , ,NA, ,No,Yes, ,Yes,No,No,No,No,No,Yes,Yes,Yes,Yes,0x73424F30
Device, ,PM[2]/Identity/General,DDVersion,The device Data dictionary Version,GENERAL,STRING,16,0.0.0.0, , , ,NA, ,No,Yes, ,Yes,No,No,No,No,No,Yes,Yes,Yes,Yes,0x385A8745
Device, ,PM[2]/Identity/General,LogAlarmVersion,The Device Log Alarm version,GENERAL,STRING,16,0.0.0.0, , , ,NA, ,No,Yes, ,Yes,No,No,No,No,No,Yes,Yes,Yes,Yes,0x66900438
Device, ,PM[2]/Identity/General,Heartbeat,Heartbeat detection datagram,GENERAL,32BUS,1,0,0, , ,NA, ,No,No, ,Yes,No,No,No,No,No,Yes,No,No,No,0x2AF5186D
Device, ,PM[2]/Identity/Status,UnitPresentStatus,Status if PowerModule  is present ,STATUS,32BUS,1,1, , ,"{""UniversalChoiceList"":""PresentStatus"",""PresentStatus"":{ ""NOT_PRESENT"": [0, "" Not present""], ""PRESENT"": [1, ""Present""]}}",NA, ,No,Yes, ,Yes,No,No,No,No,No,Yes,Yes,Yes,Yes,0x4DBBB0BA
Device, ,PM[2]/Identity/Status,UnitAlarmStatus,Alarm status of the Power Module,STATUS,32BUS,1,0, , ,"{""UniversalChoiceList"":""AlarmSeverityStatus"",""AlarmSeverityStatus"":{""NoAlarms"": [0, ""No alarms present""],""InformationalAlarm"":[1,""Informational alarm present""],""WarningAlarm"":[2,""Warning alarm present""],""CriticalAlarm"":[3,""Critical alarm present""]}}",NA, ,No,Yes, ,Yes,No,No,No,No,No,Yes,Yes,Yes,Yes,0x179AB1BC
Device, ,SBS/Identity/General,FWVersion,The Static Switch FW versionnumber,GENERAL,STRING,16,0.0.0.0, , , ,NA, ,No,Yes, ,Yes,No,No,No,No,No,Yes,Yes,Yes,Yes,0x71620543
Device, ,SBS/Identity/General,HWVersion,The Static Switch HW version number,GENERAL,STRING,32,0.0.0, , , ,NA, ,No,Yes, ,Yes,No,No,No,No,No,Yes,Yes,Yes,Yes,0x23849085
Device, ,SBS/Identity/General,ModelNumber,The model number (SKU number) of the Static Switch,GENERAL,STRING,32,SBS150KW, , , ,NA, ,No,Yes, ,Yes,No,No,No,No,No,Yes,Yes,Yes,Yes,0x6AC231A6
Device, ,SBS/Identity/General,SerialNumber,The Static Switch serial number,GENERAL,STRING,16,0000, , , ,NA, ,No,Yes, ,Yes,No,No,No,No,No,Yes,Yes,Yes,Yes,0x1814B779
Device, ,SBS/Identity/General,DDVersion,The device Data dictionary Version,GENERAL,STRING,16,0.0.0.0, , , ,NA, ,No,Yes, ,Yes,No,No,No,No,No,Yes,Yes,Yes,Yes,0x62B23930
Device, ,SBS/Identity/General,LogAlarmVersion,The Device Log Alarm version,GENERAL,STRING,16,0.0.0.0, , , ,NA, ,No,Yes, ,Yes,No,No,No,No,No,Yes,Yes,Yes,Yes,0x55051D6B
Device, ,SBS/Identity/General,Heartbeat,Heartbeat detection datagram,GENERAL,32BUS,1,0,0, , ,NA, ,No,No, ,Yes,No,No,No,No,No,Yes,No,No,No,0x554CCA58
Device, ,SBS/Identity/Status,UnitPresentStatus,Status if Static Switch  is present ,STATUS,32BUS,1,1, , ,"{""UniversalChoiceList"":""PresentStatus"",""PresentStatus"":{ ""NOT_PRESENT"": [0, "" Not present""], ""PRESENT"": [1, ""Present""]}}",NA, ,No,Yes, ,Yes,No,No,No,No,No,Yes,Yes,Yes,Yes,0x53A795D3
Device, ,SBS/Identity/Status,UnitAlarmStatus,Alarm status of the Static Switch,STATUS,32BUS,1,0, , ,"{""UniversalChoiceList"":""AlarmSeverityStatus"",""AlarmSeverityStatus"":{""NoAlarms"": [0, ""No alarms present""],""InformationalAlarm"":[1,""Informational alarm present""],""WarningAlarm"":[2,""Warning alarm present""],""CriticalAlarm"":[3,""Critical alarm present""]}}",NA, ,No,Yes, ,Yes,No,No,No,No,No,Yes,Yes,Yes,Yes,0x744B774D
Device, ,SLC/Identity/General,FWVersion,The System Level Controller FW versionnumber,GENERAL,STRING,16,0.0.0.0, , , ,NA, ,No,Yes, ,No,Yes,No,No,No,Yes,No,Yes,Yes,Yes,0x19EBBE91
Device, ,SLC/Identity/General,HWVersion,The System Level Controller HW version number,GENERAL,STRING,32,0.0.0, , , ,NA, ,No,Yes, ,No,Yes,No,No,No,Yes,No,Yes,Yes,Yes,0x4C0E49D3
Device, ,SLC/Identity/General,ModelNumber,The model number (SKU number) of the System Level Controller,GENERAL,STRING,32,SLC-GVS, , , ,NA, ,No,Yes, ,No,Yes,No,No,No,Yes,No,Yes,Yes,Yes,0x63191F64
Device, ,SLC/Identity/General,SerialNumber,The System Level controller serial number,GENERAL,STRING,16,0000, , , ,NA, ,No,Yes, ,No,Yes,No,No,No,Yes,No,Yes,Yes,Yes,0x2C905FB3
Device, ,SLC/Identity/General,DDVersion,The device Data dictionary Version,GENERAL,STRING,16,0.0.0.0, , , ,NA, ,No,Yes, ,No,Yes,No,No,No,Yes,No,Yes,Yes,Yes,0xB3BF27E
Device, ,SLC/Identity/General,LogAlarmVersion,The Device Log Alarm version,GENERAL,STRING,16,0.0.0.0, , , ,NA, ,No,Yes, ,No,Yes,No,No,No,Yes,No,Yes,Yes,Yes,0x45316A89
Device, ,SLC/Identity/General,Heartbeat,Heartbeat detection datagram,GENERAL,32BUS,1,0,0, , ,NA, ,No,No, ,No,Yes,No,No,No,Yes,No,Yes,Yes,Yes,0x7DD683A6
Device, ,SLC/Identity/Status,UnitPresentStatus,Status if System Level Controller  is present ,STATUS,32BUS,1,1, , ,"{""UniversalChoiceList"":""PresentStatus"",""PresentStatus"":{ ""NOT_PRESENT"": [0, "" Not present""], ""PRESENT"": [1, ""Present""]}}",NA, ,No,Yes, ,No,Yes,No,No,No,Yes,No,Yes,Yes,Yes,0x3A530C2D
Device, ,SLC/Identity/Status,UnitAlarmStatus,Alarm status of the System Level Controller,STATUS,32BUS,1,0, , ,"{""UniversalChoiceList"":""AlarmSeverityStatus"",""AlarmSeverityStatus"":{""NoAlarms"": [0, ""No alarms present""],""InformationalAlarm"":[1,""Informational alarm present""],""WarningAlarm"":[2,""Warning alarm present""],""CriticalAlarm"":[3,""Critical alarm present""]}}",NA, ,No,Yes, ,No,Yes,No,No,No,Yes,No,Yes,Yes,Yes,0x9AB8F57
Device, ,NMC[2]/Identity/Command,IdentityRequestCommand,NMC IdentityRequestCommand,COMMAND,32BUS,1, , , , ,NA, ,No,Yes,1000,No,Yes,No,No,No,No,No,Yes,No,No,0x60F28BC1
Device, ,NMC[2]/Identity/General,FWVersion,The Network Management Card FW versionnumber,GENERAL,STRING,16,0.0.0.0, , , ,NA, ,No,Yes, ,No,No,Yes,No,No,No,Yes,No,Yes,Yes,0x72D3C327
Device, ,NMC[2]/Identity/General,HWVersion,The Network Management Card HW version number,GENERAL,STRING,32,0.0.0, , , ,NA, ,No,Yes, ,No,No,Yes,No,No,No,Yes,No,Yes,Yes,0x24F64E69
Device, ,NMC[2]/Identity/General,ModelNumber,The model number (SKU number) of the Network Management Card,GENERAL,STRING,32,NMC3, , , ,NA, ,No,Yes, ,No,No,Yes,No,No,No,Yes,No,Yes,Yes,0x3C748AAA
Device, ,NMC[2]/Identity/General,SerialNumber,The Network Management card serial number,GENERAL,STRING,16,0000, , , ,NA, ,No,Yes, ,No,No,Yes,No,No,No,Yes,No,Yes,Yes,0x66584485
Device, ,NMC[2]/Identity/General,DDVersion,The device Data dictionary Version,GENERAL,STRING,16,0.0.0.0, , , ,NA, ,No,Yes, ,No,No,Yes,No,No,No,Yes,No,Yes,Yes,0x6423F714
Device, ,NMC[2]/Identity/General,LogAlarmVersion,The Device Log Alarm version,GENERAL,STRING,16,0.0.0.0, , , ,NA, ,No,Yes, ,No,No,Yes,No,No,No,Yes,No,Yes,Yes,0x44F01FAF
Device, ,NMC[2]/Identity/General,Heartbeat,Heartbeat detection datagram,GENERAL,32BUS,1,0,0, , ,NA, ,No,No, ,No,No,Yes,No,No,No,Yes,No,No,No,0x56BE883C
Device, ,NMC[2]/Identity/Status,UnitPresentStatus,Status if Network Mnagement card  is present ,STATUS,32BUS,1,1, , ,"{""UniversalChoiceList"":""PresentStatus"",""PresentStatus"":{ ""NOT_PRESENT"": [0, "" Not present""], ""PRESENT"": [1, ""Present""]}}",NA, ,No,Yes, ,No,No,Yes,No,No,No,Yes,No,Yes,Yes,0x18E9BE9F
Device, ,NMC[2]/Identity/Status,UnitAlarmStatus,Alarm status of the Network Management Card,STATUS,32BUS,1,0, , ,"{""UniversalChoiceList"":""AlarmSeverityStatus"",""AlarmSeverityStatus"":{""NoAlarms"": [0, ""No alarms present""],""InformationalAlarm"":[1,""Informational alarm present""],""WarningAlarm"":[2,""Warning alarm present""],""CriticalAlarm"":[3,""Critical alarm present""]}}",NA, ,No,Yes, ,No,No,Yes,No,No,No,Yes,No,Yes,Yes,0x629590B9
Device, ,HMI/Identity/Command,IdentityRequestCommand,HMI IdentityRequestCommand,COMMAND,32BUS,1, , , , ,NA, ,No,Yes,1000,No,Yes,No,No,No,No,No,No,Yes,No,0x6F2C2831
UPSSystem,SwitchgearSystem,Setting,IMBSetting,Internal Maintenance Bypass Breaker Setting,SETTING,32BUS,1, ,0,1,"{""UniversalChoiceList"":""PresentStatus"",""PresentStatus"":{ ""NOT_PRESENT"": [0, "" Not present""], ""PRESENT"": [1, ""Present""]}}",NA,0,No,Yes, ,No,Yes,No,No,No,No,No,Yes,Yes,Yes,0x4A2C9EB5
Device, ,HMI/Identity/General,FWVersion,The HMI FW versionnumber,GENERAL,STRING,16,0.0.0.0, , , ,NA, ,No,Yes, ,No,No,No,Yes,No,No,Yes,Yes,No,Yes,0x45BF06F7
Device, ,HMI/Identity/General,HWVersion,The HMI HW version number,GENERAL,STRING,32,0.0.0, , , ,NA, ,No,Yes, ,No,No,No,Yes,No,No,Yes,Yes,No,Yes,0x77E19239
Device, ,HMI/Identity/General,ModelNumber,The model number (SKU number) of the HMI,GENERAL,STRING,32,Magilis, , , ,NA, ,No,Yes, ,No,No,No,Yes,No,No,Yes,Yes,No,Yes,0x39795CFA
Device, ,HMI/Identity/General,SerialNumber,The HMI serial number,GENERAL,STRING,16,0000, , , ,NA, ,No,Yes, ,No,No,No,Yes,No,No,Yes,Yes,No,Yes,0x5FCFE375
UPSSystem,SwitchgearSystem,Setting,SIBSetting,System Output Breaker Setting,SETTING,32BUS,1, ,0,1,"{""UniversalChoiceList"":""PresentStatus"",""PresentStatus"":{ ""NOT_PRESENT"": [0, "" Not present""], ""PRESENT"": [1, ""Present""]}}",NA,0,No,Yes, ,No,Yes,No,No,No,No,No,Yes,Yes,Yes,0x2C49D60F
Device, ,HMI/Identity/General,DDVersion,The device Data dictionary Version,GENERAL,STRING,16,0.0.0.0, , , ,NA, ,No,Yes, ,No,No,No,Yes,No,No,Yes,Yes,No,Yes,0x370F3AE4
UPSSystem,BatterySystem,UserSuppliedBatterySystem/ChargerSystem/Setting,DeratingSetting_Pct,The battery charge derate setting in percent,SETTING,32BUS,1,100,0,100, ,%,0,No,Yes,0,No,Yes,No,No,No,No,No,Yes,Yes,Yes,0x338C91F3
Device, ,HMI/Identity/General,LogAlarmVersion,The Device Log Alarm version,GENERAL,STRING,16,0.0.0.0, , , ,NA, ,No,Yes, ,No,No,No,Yes,No,No,Yes,Yes,No,Yes,0x670B8AFF
Device, ,HMI/Identity/General,Heartbeat,Heartbeat detection datagram,GENERAL,32BUS,1,0,0, , ,NA, ,No,No, ,No,No,No,Yes,No,No,Yes,No,No,No,0x29A9CC0C
Device, ,HMI/Identity/Status,UnitPresentStatus,Status if HMI  is present ,STATUS,32BUS,1,1, , ,"{""UniversalChoiceList"":""PresentStatus"",""PresentStatus"":{ ""NOT_PRESENT"": [0, "" Not present""], ""PRESENT"": [1, ""Present""]}}",NA, ,No,Yes, ,No,No,No,Yes,No,No,Yes,Yes,No,Yes,0xCF1A88F
UPSSystem,SwitchgearSystem,Setting,UOBSetting,Unit Output Breaker Setting,SETTING,32BUS,1, ,0,1,"{""UniversalChoiceList"":""PresentStatus"",""PresentStatus"":{ ""NOT_PRESENT"": [0, "" Not present""], ""PRESENT"": [1, ""Present""]}}",NA,0,No,Yes, ,No,Yes,No,No,No,No,No,Yes,Yes,Yes,0x6A5EBA9B
Device, ,HMI/Identity/Status,UnitAlarmStatus,Alarm status of HMI Card,STATUS,32BUS,1,0, , ,"{""UniversalChoiceList"":""AlarmSeverityStatus"",""AlarmSeverityStatus"":{""NoAlarms"": [0, ""No alarms present""],""InformationalAlarm"":[1,""Informational alarm present""],""WarningAlarm"":[2,""Warning alarm present""],""CriticalAlarm"":[3,""Critical alarm present""]}}",NA, ,No,Yes, ,No,No,No,Yes,No,No,Yes,Yes,No,Yes,0x7662F729
UPSSystem, ,General,EventLogQueryStatement,Used to do the Event log query from SLC_UPS,GENERAL,STRING,256, , , , ,NA, ,No,Yes, ,No,No,No,Yes,Yes,No,Yes,No,No,No,0x4F7A85E2
UPSSystem, ,General,EventLogDataToNMC,The event log data to forward to NMC,GENERAL,BINARY_BLOC,1, , , ,"{""eventID"":""uint32_t"",""mainGroupID"":""uint32_t"",""subgroupID"":""uint32_t"",""indexSubgroup"":""uint32_t"",""hashID"":""uint32_t"",""sourceDeviceType"":""uint32_t"",""deviceInstance"":""uint32_t"",""trgTmScd"":""uint32_t"",""trgTmMs"":""uint32_t"",""bRiskyLog"":""uint32_t"",""bCustomerLog"":""uint32_t"",""bServiceLog"":""uint32_t"",""bNMCLog"":""uint32_t"",""objectID"":""uint32_t"",""severity"":""uint32_t"",""dataValue"":""uint32_t"",""logTmScd"":""uint32_t"",""logTmMs"":""uint32_t""}",NA, ,No,No, ,No,Yes,No,No,No,No,No,Yes,Yes,No,0x6CED9F98
UPSSystem, ,General,EventLogItem,Single event log item,GENERAL,BINARY_BLOC,1, , , ,"{""eventNumber"":""uint32_t"",""eventID"":""uint32_t"",""mainGroupID"":""uint32_t"",""subgroupID"":""uint32_t"",""indexSubgroup"":""uint32_t"",""textReference"":""uint32_t"",""hashID"":""uint32_t"",""sourceDeviceType"":""uint32_t"",""deviceInstance"":""uint32_t"",""trgTmScd"":""uint32_t"",""trgTmMs"":""uint32_t"",""bRiskyLog"":""uint32_t"",""bCustomerLog"":""uint32_t"",""bServiceLog"":""uint32_t"",""bNMCLog"":""uint32_t"",""objectID"":""uint32_t"",""severity"":""uint32_t"",""dataValue"":""uint32_t"",""logTmScd"":""uint32_t"",""logTmMs"":""uint32_t"",""bBookmark"":""uint32_t""}",NA, ,No,No, ,No,Yes,No,No,No,No,No,No,Yes,No,0x55B87E4E
UPSSystem, ,Status,NewChoiceListTestItem, ,STATUS,16BUS,1,0, , ,"{""Unit1"":  [0 , ""Unit no 1""],""Unit2"": [1, ""Unit no 2""],""Unit3"": [2, ""Unit no 3""],""Unit4"": [3, ""Unit no 4""],""Unit5"": [4, ""Unit no 5""] }", , , , , ,No,Yes,No,No,No,Yes,No,No,No,No,0x3A25F80F
UPSSystem,BatterySystem,UserSuppliedBatterySystem/Setting,NominalTemperatureSetting,Setting for Nominal temperature,SETTING,32BFL,1,25.0,0.0,40.0, ,Celsius,1,No,Yes,0,No,Yes,No,No,No,No,No,Yes,Yes,Yes,0x478AA6B6
UPSSystem, ,General,DummyBinaryBlockStructure,DummyBinaryBlockStructure to verify the binary block solution,GENERAL,BINARY_BLOC,1,"{""memberU32"":64188,""memberU8"":253,""memberI16"":-999,""memberI32"":-1234567,""memberI8"":71,""memberU16"":61731,""memberF32"":-220.5}", , ,"{""memberU32"":""uint32_t"",""memberU8"":""uint8_t"",""memberI16"":""int16_t"",""memberI32"":""int32_t"",""memberI8"":""int8_t"",""memberU16"":""uint16_t"",""memberF32"":""float""}", , , , , ,No,No,No,No,Yes,No,Yes,No,No,No,0x3FE2CE2
UPSSystem,BatterySystem,UserSuppliedBatterySystem/ChargerSystem/BoostMode/Setting,DurationSetting,Duration of boost charge.,SETTING,32BUS,1,28800,3600,180000, ,Sec,0,No,Yes,0,No,Yes,No,No,No,Yes,No,Yes,Yes,Yes,0x7039A17F
UPSSystem,BatterySystem,UserSuppliedBatterySystem/ChargerSystem/EqualizationMode/Setting,DurationSetting,Durtion of equalization charge.,SETTING,32BUS,1,28800,3600,172800, ,Sec,0,No,Yes,0,No,Yes,No,No,No,No,No,Yes,Yes,Yes,0x4FA8B47A
UPSSystem, ,General,EventLogQueryParameter,Used to do the Event log query from SLC_UPS,GENERAL,BINARY_BLOC,1,"{""startTimeSecond"":0,""endTimeSecond"":0,""logType"":0}", , ,"{""startTimeSecond"":""uint32_t"",""endTimeSecond"":""uint32_t"",""logType"":""uint8_t""}", , , , , ,No,No,No,No,Yes,No,Yes,No,No,No,0x82362A8
Device, ,PM[2]/PowerSystem/Measure,VoltageAC, ,MEASURE,32BFL,3, , , , ,V,1,No,No, ,Yes,No,No,No,No,No,No,Yes,Yes,Yes,0x58AF0803
UPSSystem,BatterySystem,UserSuppliedBatterySystem/ChargerSystem/Setting,BoostChargerSetting,Settings for auto boost  mode of the charger,SETTING,32BUS,1,0,0,2,"{""AUTO_BOOST_CHARGER_DISABLE"": [0,""Disable Autoboost charger""],""AUTO_BOOST_CHARGER_ENABLE  "": [1, ""Enable Autoboost charger""]}",NA,0,No,Yes,0,No,Yes,No,No,No,No,No,Yes,Yes,Yes,0x58D25B38
Device, ,PM[2]/Phase/Measure,ApparentPower_kVA, ,MEASURE,32BFL,3,0,0,300.05, ,kVA,1,No,No, ,Yes,No,No,No,No,No,No,Yes,Yes,Yes,0x204BC0DD
UPSSystem,BatterySystem,Test/Command,RunTimeCalibrationCommand,Begin / cancel a run time calibration.  Run time calibration may improve the accuracy of the reported run time,COMMAND,32BUS,1, , , , ,NA,0,No,Yes,1000,No,No,No,Yes,Yes,No,Yes,No,No,No,0x49E667A9
UPSSystem,BatterySystem,RunTimeCalculation/Measure,RunTimeRemaining,The number of seconds until power will go out when running on battery.  This should never be compared as an actual value  but should be compared as LTE.,MEASURE,32BFL,1,0,0,863999, ,Sec,0,No,No,0,No,Yes,No,No,No,No,No,Yes,Yes,Yes,0x4D23675A
UPSSystem, ,General,SLCDatagramDebugWrite,This will trigger SLC_UPS to write a datagram,GENERAL,BINARY_BLOC,1, , , ,"{""HashID"":""uint32_t"",""DeviceIndex"":""uint32_t"",""Action"":""uint32_t"",""ValueInt"":""int32_t"",""ValueUint"":""uint32_t"",""ValueFloat"":""float"",""ValueFloat2"":""float"",""ValueFloat3"":""float"",""ValueString"":[""char"",40]}", , , , , ,Yes,No,No,No,No,No,Yes,No,Yes,No,0x46C6C7D2
UPSSystem,SwitchgearSystem,Setting,SSIBSetting,Static Switch Input Breaker Setting,SETTING,32BUS,1, ,0,1,"{""UniversalChoiceList"":""PresentStatus"",""PresentStatus"":{ ""NOT_PRESENT"": [0, "" Not present""], ""PRESENT"": [1, ""Present""]}}",NA,0,No,Yes, ,No,Yes,No,No,No,No,No,Yes,Yes,Yes,0x420AA7B0
UPSSystem, ,General,SLCDatagramDebugRead,This will trigger SLC_UPS to read a datagram,GENERAL,BINARY_BLOC,1, , , ,"{""HashID"":""uint32_t"",""DeviceIndex"":""uint32_t"",""Action"":""uint32_t""}", , , , , ,Yes,No,No,No,No,No,Yes,No,Yes,No,0x1F1FC5AB
Device, ,UC/Command,UCSettingUpdateCheckCommand,Command to trigger the UC Setting update check,COMMAND,32BUS,1, , , , ,NA, ,No,Yes,1000,No,Yes,No,No,No,Yes,No,No,No,No,0x75DCCA33
Device, ,UC/General,PreviousUCConnectionMagicNumber,The magic number is a 16bit random number based on the UC's boot time  which will be stored by SLC_UPS each time when UC trys to connect with it,GENERAL,16BUS,1, , , , ,NA, ,No,Yes, ,No,Yes,No,No,No,Yes,No,No,No,No,0x7EA54A73
Device, ,NMC[2]/probe/General,ProbeStatus,Status on a contact  like relays  indicators or microswitches.,GENERAL,32BUS,1,0,0,18,"{""ProbeNotPresent"":[0,""Probe not present""],""TemperatureNormal"":[1,""Normal""],""TemperatureWarningLow"":[2,""Tempreture low warning""],""TemperatureCriticalLow"":[3,""Tempreture low critical""],""TemperatureWarningHigh"":[4,""Tempreture high warning""],""TemperatureCriticalHigh"":[5,""Temperature high Critical""],""HumidityNormal"":[6,""Normal""],""HumidityWarningLow"":[7,""Humidity warning low""],""HumidityCriticalLow"":[8,""Humidity critical low""],""HumidityWarningHigh"":[9,""Humidity warning low""],""HumidityCriticalHigh"":[10,""Humidity critical low""],""Input1Normal"":[11,""Normal""],""Input1Warning"":[12,""Warning""],""Input1Critical"":[13,""Critical""],""Input2Normal"":[14,""Normal""],""Input2Warning"":[15,""Warning""],""Input2Critical"":[16,""Critical""],""Output1EventActive"":[17,"" Event Active""],""Output1Configuration"":[18,""Relay open when event active""]}",NA, ,No,No, ,No,No,Yes,No,No,No,No,No,Yes,Yes,0x1156EEE4
Device, ,NMC[2]/probe/General,ProbeType,Identifies the Probe Type.,GENERAL,32BUS,1,0,0,3,"{""Unknown"":[0,""The Probe is not identified, it is likely disconnected.""],""Temperature"":[1,""Indicates a Temperature only Probe""],""TemperatureAndHumidity"":[2,""Indicates a Temperature and Humidity Probe""],""DryContact"":[3,""Indicates a Dry Contact Probe""]}",NA, ,No,No, ,No,No,Yes,No,No,No,No,No,Yes,Yes,0x27950CE8
Device, ,UC/Status,UCsettingUpdateDecision,An 32bit value to indicate the UC Setting update decisions:UpdateSettingToUC   UpdateUCSettingToSLC  or NoUCSettingUpdate,STATUS,32BUS,1, , , ,"{""UpdateSettingToUC"":[0,""Update UC Setting from SLC To UC""],""UpdateSettingToSLC"":[1,""Update UC Setting To SLC""],""NoUCSettingUpdate"":[2,""No UC Setting Update is needed""]}",NA, ,No,Yes, ,Yes,No,No,No,No,No,Yes,No,No,No,0x2ACCB365
UPSSystem,SwitchgearSystem,Setting,UIBSetting,Unit Input breaker Setting,SETTING,32BUS,1, ,0,1,"{""UniversalChoiceList"":""PresentStatus"",""PresentStatus"":{ ""NOT_PRESENT"": [0, "" Not present""], ""PRESENT"": [1, ""Present""]}}",NA,0,No,Yes, ,No,Yes,No,No,No,No,No,Yes,Yes,Yes,0x53F718D5
Device, ,UC/Command,UCRtcRequestCommand,Command used to trigger the UC RTC value update,COMMAND,32BUS,1, , , , ,NA, ,No,Yes,1000,No,Yes,No,No,No,Yes,No,No,No,No,0x418AFAC8
Device, ,UC/General,UCRtcValue,A binary block structure to hold the TRC info,GENERAL,BINARY_BLOC,1, , , ,"{""year"":""uint8_t"",""month"":""uint8_t"",""week"":""uint8_t"",""hour"":""uint8_t"",""minute"":""uint8_t"",""second"":""uint8_t""}",NA, ,No,No, ,Yes,No,No,No,No,No,Yes,No,Yes,No,0x3292C996
UPSSystem,OutputSystem,Status,AllInverterSurvShutdown,All power module detected inverter surveillance shutdown,STATUS,32BUS,1,0, , ,"{""UniversalChoiceList"":""PresentStatus"",""PresentStatus"":{ ""NOT_PRESENT"": [0, "" Not present""], ""PRESENT"": [1, ""Present""]}}",NA, ,Yes,Yes, ,Yes,No,No,No,No,No,Yes,No,No,Yes,0x44054FFF
UPSSystem,OutputSystem,Status,InverterOperationMode,Operation mode of inverter,STATUS,32BUS,1,0, , ,"{""INV_OP_MODE_INITIALIZE"": [0,""Inverter system control is in initialize mode"" ],""INV_OP_MODE_OFF"": [1,""Inverter system control is in off mode""],""INV_OP_MODE_NORMAL_OPERATION"": [2, ""Inverter system control is in normal operation mode"" ],""INV_OP_MODE_TRANFER_TO_REQ_BYPASS"": [3,""Inverter system control is in tranfer to request bypass mode"" ],""INV_OP_MODE_BYPASS_OPERATOPM"": [4,""Inverter system control is in bypass operation"" ],""INV_OP_MODE_ZERO_INV_OUTPUT"": [5,""Inverter system control is in zero inverter output mode"" ],""INV_OP_MODE_BYPASS_BURN_IN"": [6,""Inverter system control is in bypass burn-in mode"" ] }",NA, ,No,Yes, ,Yes,No,No,No,No,No,Yes,No,No,Yes,0x7684DD4A
UPSSystem, ,General,CriticalAlarms,Active Critical Alarms List,GENERAL,BINARY_BLOC,256, , , ,"{""UniversalBinaryBlock"":""AlarmItem"",""AlarmItem"":{""eventID"":""uint32_t"",""deviceInstance"":""uint32_t"",""trgTmScd"":""uint32_t""}}",NA, ,No,No, ,No,Yes,No,No,No,No,No,Yes,Yes,Yes,0x42E6F5EA
UPSSystem, ,General,WarningAlarms,Active Warning Alarms List,GENERAL,BINARY_BLOC,256, , , ,"{""UniversalBinaryBlock"":""AlarmItem"",""AlarmItem"":{""eventID"":""uint32_t"",""deviceInstance"":""uint32_t"",""trgTmScd"":""uint32_t""}}",NA, ,No,No, ,No,Yes,No,No,No,No,No,Yes,Yes,Yes,0x4BB5D785
UPSSystem, ,General,InformationalAlarms,Active Information Alarm List,GENERAL,BINARY_BLOC,256, , , ,"{""UniversalBinaryBlock"":""AlarmItem"",""AlarmItem"":{""eventID"":""uint32_t"",""deviceInstance"":""uint32_t"",""trgTmScd"":""uint32_t""}}",NA, ,No,No, ,No,Yes,No,No,No,No,No,Yes,Yes,Yes,0x3D4ED59C
UPSSystem,InputSystem,Status,Mains1L1RmsVoltageStatus,Mains1 L1 RMS voltage status,STATUS,32BUS,1, , ,2,"{""UniversalChoiceList"":""VQDVoltageStatus"",""VQDVoltageStatus"":{""VoltageOK"":[0,""Voltage is OK""],""HighVoltageError"":[1,""Voltage is high""],""LowVoltageError"":[2,""Voltage is low""]}}", , ,Yes,Yes, ,Yes,No,No,No,No,No,Yes,No,No,No,0x7306EDC8
UPSSystem,InputSystem,Status,Mains1L2RmsVoltageStatus,Mains1 L2 RMS voltage status,STATUS,32BUS,1, , ,2,"{""UniversalChoiceList"":""VQDVoltageStatus"",""VQDVoltageStatus"":{""VoltageOK"":[0,""Voltage is OK""],""HighVoltageError"":[1,""Voltage is high""],""LowVoltageError"":[2,""Voltage is low""]}}", , ,Yes,Yes, ,Yes,No,No,No,No,No,Yes,No,No,No,0x37591D09
UPSSystem,InputSystem,Status,Mains1L3RmsVoltageStatus,Mains1 L3 RMS voltage status,STATUS,32BUS,1, , ,2,"{""UniversalChoiceList"":""VQDVoltageStatus"",""VQDVoltageStatus"":{""VoltageOK"":[0,""Voltage is OK""],""HighVoltageError"":[1,""Voltage is high""],""LowVoltageError"":[2,""Voltage is low""]}}", , ,Yes,Yes, ,Yes,No,No,No,No,No,Yes,No,No,No,0x7BAB4C4A
UPSSystem,InputSystem,Status,MainsL1WaveformStatus,Mains1 L1 waveform status,STATUS,32BUS,1, , ,1,"{""UniversalChoiceList"":""VQDStatus"",""VQDStatus"":{""VQD_OK"":[0,""VQD is OK""],""VQD_OutOfTolerance"":[1,""VQD Out Of Tolerance""]}}", , ,Yes,Yes, ,Yes,No,No,No,No,No,Yes,No,No,No,0x6862257A
UPSSystem,InputSystem,Status,MainsL2WaveformStatus,Mains1 L2 waveform status,STATUS,32BUS,1, , ,1,"{""UniversalChoiceList"":""VQDStatus"",""VQDStatus"":{""VQD_OK"":[0,""VQD is OK""],""VQD_OutOfTolerance"":[1,""VQD Out Of Tolerance""]}}", , ,Yes,Yes, ,Yes,No,No,No,No,No,Yes,No,No,No,0x3B20A5F3
UPSSystem,InputSystem,Status,MainsL3WaveformStatus,Mains1 L3 waveform status,STATUS,32BUS,1, , ,1,"{""UniversalChoiceList"":""VQDStatus"",""VQDStatus"":{""VQD_OK"":[0,""VQD is OK""],""VQD_OutOfTolerance"":[1,""VQD Out Of Tolerance""]}}", , ,Yes,Yes, ,Yes,No,No,No,No,No,Yes,No,No,No,0xDDF266C
UPSSystem,InputSystem,Status,Mains1PhaseStatus,Mains1 phase satus,STATUS,32BUS,1, , ,1,"{""UniversalChoiceList"":""VQDStatus"",""VQDStatus"":{""VQD_OK"":[0,""VQD is OK""],""VQD_OutOfTolerance"":[1,""VQD Out Of Tolerance""]}}",NA, ,Yes,Yes, ,Yes,No,No,No,No,No,Yes,No,No,No,0x743418DE
UPSSystem,InputSystem,Status,Mains1RmsVoltageStatus,Mains1 RMS voltage status,STATUS,32BUS,3, , ,2,"{""UniversalChoiceList"":""VQDVoltageStatus"",""VQDVoltageStatus"":{""VoltageOK"":[0,""Voltage is OK""],""HighVoltageError"":[1,""Voltage is high""],""LowVoltageError"":[2,""Voltage is low""]}}",NA, ,Yes,Yes, ,Yes,No,No,No,No,No,Yes,No,No,No,0x4C65221B
UPSSystem,InputSystem,Status,Mains1WaveformStatus,Mains1 waveform status,STATUS,32BUS,3, , ,1,"{""UniversalChoiceList"":""VQDStatus"",""VQDStatus"":{""VQD_OK"":[0,""VQD is OK""],""VQD_OutOfTolerance"":[1,""VQD Out Of Tolerance""]}}",NA, ,Yes,Yes, ,Yes,No,No,No,No,No,Yes,No,No,No,0x1F755B62
UPSSystem,BypassSystem,Status,Mains2L1RmsVoltageStatus,Mains2 L1 RMS voltage status,STATUS,32BUS,1, , ,2,"{""UniversalChoiceList"":""VQDVoltageStatus"",""VQDVoltageStatus"":{""VoltageOK"":[0,""Voltage is OK""],""HighVoltageError"":[1,""Voltage is high""],""LowVoltageError"":[2,""Voltage is low""]}}", , ,Yes,Yes, ,Yes,No,No,No,No,No,Yes,No,No,No,0x48711D81
UPSSystem,BypassSystem,Status,Mains2L2RmsVoltageStatus,Mains2 L2 RMS voltage status,STATUS,32BUS,1, , ,2,"{""UniversalChoiceList"":""VQDVoltageStatus"",""VQDVoltageStatus"":{""VoltageOK"":[0,""Voltage is OK""],""HighVoltageError"":[1,""Voltage is high""],""LowVoltageError"":[2,""Voltage is low""]}}", , ,Yes,Yes, ,Yes,No,No,No,No,No,Yes,No,No,No,0xCC34CC2
UPSSystem,BypassSystem,Status,Mains2L3RmsVoltageStatus,Mains2 L3 RMS voltage status,STATUS,32BUS,1, , ,2,"{""UniversalChoiceList"":""VQDVoltageStatus"",""VQDVoltageStatus"":{""VoltageOK"":[0,""Voltage is OK""],""HighVoltageError"":[1,""Voltage is high""],""LowVoltageError"":[2,""Voltage is low""]}}", , ,Yes,Yes, ,Yes,No,No,No,No,No,Yes,No,No,No,0x51157C03
UPSSystem,BypassSystem,Status,Mains2L1WaveformStatus,Mains2 L1 waveform status,STATUS,32BUS,1, , ,1,"{""UniversalChoiceList"":""VQDStatus"",""VQDStatus"":{""VQD_OK"":[0,""VQD is OK""],""VQD_OutOfTolerance"":[1,""VQD Out Of Tolerance""]}}", , ,Yes,Yes, ,Yes,No,No,No,No,No,Yes,No,No,No,0x4A4D718
UPSSystem,BypassSystem,Status,Mains2L2WaveformStatus,Mains2 L2 waveform status,STATUS,32BUS,1, , ,1,"{""UniversalChoiceList"":""VQDStatus"",""VQDStatus"":{""VQD_OK"":[0,""VQD is OK""],""VQD_OutOfTolerance"":[1,""VQD Out Of Tolerance""]}}", , ,Yes,Yes, ,Yes,No,No,No,No,No,Yes,No,No,No,0x57635791
UPSSystem,BypassSystem,Status,Mains2L3WaveformStatus,Mains2 L3 waveform status,STATUS,32BUS,1, , ,1,"{""UniversalChoiceList"":""VQDStatus"",""VQDStatus"":{""VQD_OK"":[0,""VQD is OK""],""VQD_OutOfTolerance"":[1,""VQD Out Of Tolerance""]}}", , ,Yes,Yes, ,Yes,No,No,No,No,No,Yes,No,No,No,0x2A21D80A
UPSSystem,BypassSystem,Status,Mains2PhaseStatus,Mains2 phase satus,STATUS,32BUS,1, , ,1,"{""UniversalChoiceList"":""VQDStatus"",""VQDStatus"":{""VQD_OK"":[0,""VQD is OK""],""VQD_OutOfTolerance"":[1,""VQD Out Of Tolerance""]}}",NA, ,Yes,Yes, ,Yes,No,No,No,No,No,Yes,No,No,No,0x7B622EA9
UPSSystem,BypassSystem,Status,Mains2RmsVoltageStatus,Mains2 RMS voltage status,STATUS,32BUS,3, , ,2,"{""UniversalChoiceList"":""VQDVoltageStatus"",""VQDVoltageStatus"":{""VoltageOK"":[0,""Voltage is OK""],""HighVoltageError"":[1,""Voltage is high""],""LowVoltageError"":[2,""Voltage is low""]}}",NA, ,Yes,Yes, ,Yes,No,No,No,No,No,Yes,No,No,No,0x4C27654C
UPSSystem,BypassSystem,Status,Mains2WaveformStatus,Mains2 waveform status,STATUS,32BUS,3, , ,1,"{""UniversalChoiceList"":""VQDStatus"",""VQDStatus"":{""VQD_OK"":[0,""VQD is OK""],""VQD_OutOfTolerance"":[1,""VQD Out Of Tolerance""]}}",NA, ,Yes,Yes, ,Yes,No,No,No,No,No,Yes,No,No,No,0x39E09C4B
UPSSystem,OutputSystem,Status,OutputL1RmsVoltageStatus,Output L1 RMS voltage status,STATUS,32BUS,1, , ,2,"{""UniversalChoiceList"":""VQDVoltageStatus"",""VQDVoltageStatus"":{""VoltageOK"":[0,""Voltage is OK""],""HighVoltageError"":[1,""Voltage is high""],""LowVoltageError"":[2,""Voltage is low""]}}", , ,Yes,Yes, ,Yes,No,No,No,No,No,Yes,No,No,No,0x226ABC03
UPSSystem,OutputSystem,Status,OutputL2RmsVoltageStatus,Output L2 RMS voltage status,STATUS,32BUS,1, , ,2,"{""UniversalChoiceList"":""VQDVoltageStatus"",""VQDVoltageStatus"":{""VoltageOK"":[0,""Voltage is OK""],""HighVoltageError"":[1,""Voltage is high""],""LowVoltageError"":[2,""Voltage is low""]}}", , ,Yes,Yes, ,Yes,No,No,No,No,No,Yes,No,No,No,0x66BCEB44
UPSSystem,OutputSystem,Status,OutputL3RmsVoltageStatus,Output L3 RMS voltage status,STATUS,32BUS,1, , ,2,"{""UniversalChoiceList"":""VQDVoltageStatus"",""VQDVoltageStatus"":{""VoltageOK"":[0,""Voltage is OK""],""HighVoltageError"":[1,""Voltage is high""],""LowVoltageError"":[2,""Voltage is low""]}}", , ,Yes,Yes, ,Yes,No,No,No,No,No,Yes,No,No,No,0x2B0F1A85
UPSSystem,OutputSystem,Status,OutputL1WaveformStatus,Output L1 waveform status,STATUS,32BUS,1, , ,1,"{""UniversalChoiceList"":""VQDStatus"",""VQDStatus"":{""VQD_OK"":[0,""VQD is OK""],""VQD_OutOfTolerance"":[1,""VQD Out Of Tolerance""]}}", , ,Yes,Yes, ,Yes,No,No,No,No,No,Yes,No,No,No,0x6BDD180A
UPSSystem,OutputSystem,Status,OutputL2WaveformStatus,Output L2 waveform status,STATUS,32BUS,1, , ,1,"{""UniversalChoiceList"":""VQDStatus"",""VQDStatus"":{""VQD_OK"":[0,""VQD is OK""],""VQD_OutOfTolerance"":[1,""VQD Out Of Tolerance""]}}", , ,Yes,Yes, ,Yes,No,No,No,No,No,Yes,No,No,No,0x3E9B9883
UPSSystem,OutputSystem,Status,OutputL3WaveformStatus,Output L3 waveform status,STATUS,32BUS,1, , ,1,"{""UniversalChoiceList"":""VQDStatus"",""VQDStatus"":{""VQD_OK"":[0,""VQD is OK""],""VQD_OutOfTolerance"":[1,""VQD Out Of Tolerance""]}}", , ,Yes,Yes, ,Yes,No,No,No,No,No,Yes,No,No,No,0x115A18FC
UPSSystem,OutputSystem,Status,OutputRmsVoltageStatus,Output RMS voltage status,STATUS,32BUS,3, , ,2,"{""UniversalChoiceList"":""VQDVoltageStatus"",""VQDVoltageStatus"":{""VoltageOK"":[0,""Voltage is OK""],""HighVoltageError"":[1,""Voltage is high""],""LowVoltageError"":[2,""Voltage is low""]}}",NA, ,Yes,Yes, ,Yes,No,No,No,No,No,Yes,No,No,No,0x335FA63E
UPSSystem,InputSystem,Status,Mains1FreqStatus,Mains1 input frequency status,STATUS,32BUS,1, , ,2,"{""UniversalChoiceList"":""VQDFreqStatus"",""VQDFreqStatus"":{""FrequencyOK"":[0,""Frequency is OK""],""HighFrequencyError"":[1,""Frequency is high""],""LowFrequencyError"":[2,""Frequency is low""]}}", , ,Yes,Yes, ,Yes,No,No,No,No,No,Yes,No,No,Yes,0x7F3550E5
UPSSystem,BypassSystem,Status,Mains2FreqStatus,Mains2 input frequency status,STATUS,32BUS,1, , ,2,"{""UniversalChoiceList"":""VQDFreqStatus"",""VQDFreqStatus"":{""FrequencyOK"":[0,""Frequency is OK""],""HighFrequencyError"":[1,""Frequency is high""],""LowFrequencyError"":[2,""Frequency is low""]}}", , ,Yes,Yes, ,Yes,No,No,No,No,No,Yes,No,No,Yes,0x42AED3FE
UPSSystem,OutputSystem,Status,OutputFreqStatus,Output frequency status,STATUS,32BUS,1, , ,2,"{""UniversalChoiceList"":""VQDFreqStatus"",""VQDFreqStatus"":{""FrequencyOK"":[0,""Frequency is OK""],""HighFrequencyError"":[1,""Frequency is high""],""LowFrequencyError"":[2,""Frequency is low""]}}", , ,Yes,Yes, ,Yes,No,No,No,No,No,Yes,No,No,Yes,0x739E9F40
UPSSystem,SwitchgearSystem,Status,UIBStatus,Unit Input Breaker Status,STATUS,32BUS,1,1,0,1,"{""UniversalChoiceList"":""BreakerStatus"",""BreakerStatus"":{""BreakerOpened"":[0,""Breaker is opened""],""BreakerClosed"":[1,""Breaker is Closed""]}}",NA,0,Yes,Yes, ,No,Yes,No,No,No,No,No,Yes,Yes,Yes,0x14F49169
UPSSystem,SwitchgearSystem,Status,UOBStatus,Unit Output Breaker Status,STATUS,32BUS,1,1,0,1,"{""UniversalChoiceList"":""BreakerStatus"",""BreakerStatus"":{""BreakerOpened"":[0,""Breaker is opened""],""BreakerClosed"":[1,""Breaker is Closed""]}}",NA,0,Yes,Yes, ,No,Yes,No,No,No,No,No,Yes,Yes,Yes,0x615711AB
UPSSystem,SwitchgearSystem,Status,SIBStatus,System Output Breaker Status,STATUS,32BUS,1,1,0,1,"{""UniversalChoiceList"":""BreakerStatus"",""BreakerStatus"":{""BreakerOpened"":[0,""Breaker is opened""],""BreakerClosed"":[1,""Breaker is Closed""]}}",NA,0,Yes,Yes, ,No,Yes,No,No,No,No,No,Yes,Yes,Yes,0x62D20627
UPSSystem,SwitchgearSystem,Status,SSIBStatus,Static Switch Input Breaker Status,STATUS,32BUS,1,1,0,1,"{""UniversalChoiceList"":""BreakerStatus"",""BreakerStatus"":{""BreakerOpened"":[0,""Breaker is opened""],""BreakerClosed"":[1,""Breaker is Closed""]}}",NA,0,Yes,Yes, ,No,Yes,No,No,No,No,No,Yes,Yes,Yes,0x2EFC8F42
UPSSystem,SwitchgearSystem,Status,MBBStatus,Maintenace Bypass Breaker Status,STATUS,32BUS,1,1,0,1,"{""UniversalChoiceList"":""BreakerStatus"",""BreakerStatus"":{""BreakerOpened"":[0,""Breaker is opened""],""BreakerClosed"":[1,""Breaker is Closed""]}}",NA,0,Yes,Yes, ,No,Yes,No,No,No,No,No,Yes,Yes,Yes,0x8A22414
UPSSystem,SwitchgearSystem,Status,IMBStatus,Internal Maintenance Bypass Breaker Status,STATUS,32BUS,1,1,0,1,"{""UniversalChoiceList"":""BreakerStatus"",""BreakerStatus"":{""BreakerOpened"":[0,""Breaker is opened""],""BreakerClosed"":[1,""Breaker is Closed""]}}",NA,0,Yes,Yes, ,No,Yes,No,No,No,No,No,Yes,Yes,Yes,0x45BC4E09
UPSSystem,SwitchgearSystem,Status,RIMBStatus,Redundant Internal Maintenance Bypass Breaker Status,STATUS,32BUS,1,1,0,1,"{""UniversalChoiceList"":""BreakerStatus"",""BreakerStatus"":{""BreakerOpened"":[0,""Breaker is opened""],""BreakerClosed"":[1,""Breaker is Closed""]}}",NA,0,Yes,Yes, ,No,Yes,No,No,No,No,No,Yes,Yes,Yes,0x3E1035C1
UPSSystem,SwitchgearSystem,Status,EUOBStatus,External Unit Output Breaker status,STATUS,32BUS,1, , ,1,"{""UniversalChoiceList"":""BreakerStatus"",""BreakerStatus"":{""BreakerOpened"":[0,""Breaker is opened""],""BreakerClosed"":[1,""Breaker is Closed""]}}", , ,No,Yes, ,No,Yes,No,No,No,Yes,No,No,No,Yes,0x17C4C75C
UPSSystem,SwitchgearSystem,Status,LBBStatus,Load Bank Breaker status,STATUS,32BUS,1, , ,1,"{""UniversalChoiceList"":""BreakerStatus"",""BreakerStatus"":{""BreakerOpened"":[0,""Breaker is opened""],""BreakerClosed"":[1,""Breaker is Closed""]}}", , ,No,Yes, ,No,Yes,No,No,No,Yes,No,No,No,Yes,0x6F90DE73
UPSSystem,BatterySystem,UserSuppliedBatterySystem/Status,BB1Status,Status of a breaker,STATUS,32BUS,1,0,0,1,"{""UniversalChoiceList"":""BreakerStatus"",""BreakerStatus"":{""BreakerOpened"":[0,""Breaker is opened""],""BreakerClosed"":[1,""Breaker is Closed""]}}",NA,0,Yes,Yes,0,No,Yes,No,No,No,No,No,Yes,Yes,Yes,0x5EFFCE9B
UPSSystem,BatterySystem,UserSuppliedBatterySystem/Setting,BB2Setting,Configuration of breakers,SETTING,32BUS,1,0,0,1,"{""UniversalChoiceList"":""PresentStatus"",""PresentStatus"":{ ""NOT_PRESENT"": [0, "" Not present""], ""PRESENT"": [1, ""Present""]}}",NA,0,No,Yes,0,No,Yes,No,No,No,No,No,Yes,Yes,Yes,0x17689818
UPSSystem,BatterySystem,UserSuppliedBatterySystem/Status,BB2Status,Status of a breaker,STATUS,32BUS,1,0,0,1,"{""UniversalChoiceList"":""BreakerStatus"",""BreakerStatus"":{""BreakerOpened"":[0,""Breaker is opened""],""BreakerClosed"":[1,""Breaker is Closed""]}}",NA,0,Yes,Yes,0,No,Yes,No,No,No,No,No,Yes,Yes,Yes,0x13B26A74
UPSSystem,InputSystem,Status,AllPfcSurvShutdown,All power module detected pfc surveillance shutdown,STATUS,32BUS,1,0, ,1,"{""UniversalChoiceList"":""PresentStatus"",""PresentStatus"":{ ""NOT_PRESENT"": [0, "" Not present""], ""PRESENT"": [1, ""Present""]}}", , ,Yes,Yes, ,Yes,No,No,No,No,No,Yes,No,No,Yes,0x7181213C
UPSSystem,InputSystem,Status,PfcOpModeOneNormOp,Operation mode of PFC one or more PFC in normal operation,STATUS,32BUS,1,0, ,1,"{""NONE_NORMAL_OPERATION"":[0,""None Pfc module in normal operation""],""ONE_OR_MORE_NORMAL_OPERATION"":[1,""One or more Pfc module in normal opeartion""]}", , ,Yes,Yes, ,Yes,No,No,No,No,No,Yes,No,No,Yes,0x60CBD192
UPSSystem,BypassSystem,Status,SbsOperationMode,Operation mode of static bypass switch,STATUS,32BUS,1,0, ,12,"{""SBS_OP_MODE_INITIALIZE"":[0,""Sbs is in initializing""],""SBS_OP_MODE_SELF_TEST_ACTIVE"":[1,""Sbs is in self test mode""],""SBS_OP_MODE_FAULT"":[2,""Sbs is in fault mode""],""SBS_OP_MODE_BACKFFED_OFF"":[3,""Sbs is in backfeed off mode""],""SBS_OP_MODE_BACKFEED_OFF_WAITING"":[4,""Sbs is in backfeed off waiting""],""SBS_OP_MODE_OFF"":[5,""Sbs is in off mode""],""SBS_OP_MODE_READY"":[6,""Sbs is in ready mode""],""SBS_OP_MODE_READY_WAITING"":[7,""Sbs is in ready waiting mode""],""SBS_OP_MODE_READY_FAULT"":[8,""Sbs is in ready fault mode""],""SBS_OP_MODE_ACTIVE_NO_FAULT"":[9,""Sbs is in active mode without fault""],""SBS_OP_MODE_ACTIVE_FAULT"":[10,""Sbs is in active fault with fault""],""SBS_OP_MODE_ECO_MODE"":[11,""Sbs is in eco mode""],""SBS_OP_MODE_ECONVERSION"":[12,""Sbs is in EConversion mode""]}", , ,No,Yes, ,Yes,No,No,No,No,No,Yes,Yes,No,Yes,0x66BB2116
UPSSystem,BatterySystem,Status,BatteryConnected,Battery (classic or modular)  is connected to UPS,STATUS,32BUS,1,0, ,1,"{""NO"":[0,""No""],""Yes"":[1,""Yes""]}", , ,Yes,Yes, ,No,Yes,No,No,No,Yes,No,No,Yes,Yes,0x4F8A25CB
UPSSystem,BatterySystem,Setting,BatteryDeepDischargeSetting,Battery deep discharge settings.,SETTING,32BUS,1,0,0,1,"{""DEEP_DISCHARGE_NOT_ALLOWED"": [0, ""Deep Discharge is not allowed.""],""DEEP_DISCHARGE_ALLOWED"": [1, ""Deep Discharge is allowed.""]}",NA,0,No,Yes, ,No,Yes,No,No,No,No,No,Yes,Yes,Yes,0x7C7E1154
UPSSystem,BatterySystem,UserSuppliedBatterySystem/Setting,BatteryQtyPerStringSetting,Number of battery pr strings in the system,SETTING,32BUS,1,40,19,252, ,NA,0,No,Yes,0,No,Yes,No,No,No,No,No,Yes,Yes,Yes,0x1756845D
UPSSystem,BatterySystem,UserSuppliedBatterySystem/Setting,BatteryStringQtySetting,Number of parallel battery strings in the system or frame,SETTING,32BUS,1,1,1,8, ,NA,0,No,Yes,0,No,Yes,No,No,No,No,No,Yes,Yes,Yes,0x1F4DD3E
UPSSystem,BatterySystem,UserSuppliedBatterySystem/Setting,BatteryTempMonitoringSetting,Battery temperature monitoring setting.,SETTING,32BUS,1,1,0,1,"{""BatteryTempMonitoringDisable"" : [0, ""Battery temperature monitoring Enable""],"" BatteryTempMonitorinEnable"": [1,""Battery temperature monitoring Disable""]}",NA,0,No,Yes,0,No,Yes,No,No,No,Yes,No,Yes,Yes,Yes,0x3F3B9059
UPSSystem,BatterySystem,UserSuppliedBatterySystem/Setting,BatteryTypeSetting,Installed battery type,SETTING,32BUS,1,0,0,1,"{ ""VRLA"": [0, ""Valve regulated Lead-Acid, or Maintenance-Free""], "" VENTEDCELL"": [1, ""Vented, Flooded, Wet or Open cell battery type""]}",NA,0,No,Yes,0,No,Yes,No,No,No,No,No,Yes,Yes,Yes,0x6EE9F71B
UPSSystem,BatterySystem,UserSuppliedBatterySystem/Setting,BB1Setting,Configuration of breakers,SETTING,32BUS,1,0,0,1,"{""UniversalChoiceList"":""PresentStatus"",""PresentStatus"":{ ""NOT_PRESENT"": [0, "" Not present""], ""PRESENT"": [1, ""Present""]}}",NA,0,No,Yes,0,No,Yes,No,No,No,No,No,Yes,Yes,Yes,0x2002D80D
UPSSystem,BatterySystem,Status,BatteryAlarm,Any battery alarm is active,STATUS,32BUS,1,0, ,1,"{""UniversalChoiceList"":""PresentStatus"",""PresentStatus"":{ ""NOT_PRESENT"": [0, "" Not present""], ""PRESENT"": [1, ""Present""]}}", , ,Yes,Yes, ,No,Yes,No,No,No,No,No,No,Yes,Yes,0x7A644EF
UPSSystem,BatterySystem,UserSuppliedBatterySystem/Setting,BatteryCellQtySetting,Number of battery cells in the system,SETTING,32BUS,1,6,1,12, ,NA,0,No,Yes,0,No,Yes,No,No,No,No,No,Yes,Yes,Yes,0x20D94AF7
UPSSystem,BatterySystem,Status,PfcOpModeOneBattOp,Operation mode of PFC one or more PFC in battery operation,STATUS,32BUS,1,0, ,1,"{""NONE_BATT_OPERATION"":[0,""None Pfc module in battery operation""],""ONE_OR_MORE_BATT_OPERATION"":[1,""One or more Pfc module in battery opeartion""]}", , ,No,Yes, ,Yes,No,No,No,No,No,Yes,No,No,Yes,0x60FCC00
UPSSystem,SwitchgearSystem,Setting,MBBSetting,Maintenance Bypass Breaker Setting,SETTING,32BUS,1, ,0,1,"{""UniversalChoiceList"":""PresentStatus"",""PresentStatus"":{ ""NOT_PRESENT"": [0, "" Not present""], ""PRESENT"": [1, ""Present""]}}",NA,0,No,Yes, ,No,Yes,No,No,No,No,No,Yes,Yes,Yes,0x5C92656
Device, ,NMC[2]/probe/General,Name_STR,Probe details attached to NMC,GENERAL,STRING,256, , , , ,NA, ,No,No, ,No,No,Yes,No,No,No,No,No,Yes,Yes,0x3DDB8ED7
UPSSystem,BatterySystem,UserSuppliedBatterySystem/ChargerSystem/Measure,Progress_Pct,Used to show a progress bar  for battery charging.,MEASURE,32BFL,1,0,0,100, ,NA,0,No,No, ,No,Yes,No,No,No,No,No,Yes,Yes,Yes,0x39DFFFDA
UPSSystem, ,Command,GenerateEventFileCommand,xx,COMMAND,32BUS,1, , , , ,NA, ,No,Yes,1000,No,No,No,Yes,Yes,Yes,RO,No,No,No,0x00000001
UPSSystem, ,Command,FetchEventFileCommand,xx,COMMAND,32BUS,1, , , , ,NA, ,No,Yes,1000,No,No,No,Yes,Yes,Yes,RO,No,No,No,0x00000002
Device, ,SLC/Identity/General,EventLogQueryStatement,xx,GENERAL,STRING,128,SQL, , , ,NA, ,No,Yes, ,No,Yes,No,No,No,Yes,No,Yes,Yes,Yes,0x00000003
